Статус,Тип,Размер,Размер (байт),Путь на продакшене (public_html/),Локальный путь
ЕСТЬ ЛОКАЛЬНО,PNG,2 КБ,2417,assets/favicons/favicon-16x16.png,src/assets/favicons/favicon-16x16.png
ЕСТЬ ЛОКАЛЬНО,PNG,2 КБ,2417,assets/favicons/favicon-32x32.png,src/assets/favicons/favicon-32x32.png
ЕСТЬ ЛОКАЛЬНО,PNG,2 КБ,2417,assets/favicons/favicon.png,src/assets/favicons/favicon.png
ЕСТЬ ЛОКАЛЬНО,JPG,85 КБ,87427,assets/images/director-photo.jpg,src/assets/images/director-photo.jpg
ЕСТЬ ЛОКАЛЬНО,PNG,28 КБ,28998,assets/images/gerb-red1.png,src/assets/images/gerb-red1.png
ЕСТЬ ЛОКАЛЬНО,PNG,484 КБ,495666,assets/images/logo.png,src/assets/images/logo.png
ЕСТЬ ЛОКАЛЬНО,JPG,925 КБ,947756,assets/images/news/ix-chteniya.jpg,src/assets/images/news/ix-chteniya.jpg
ЕСТЬ ЛОКАЛЬНО,JPG,85 КБ,87148,assets/images/news/kulich-konkurs.jpg,src/assets/images/news/kulich-konkurs.jpg
ЕСТЬ ЛОКАЛЬНО,JPG,87 КБ,89925,assets/images/news/master-goda.jpg,src/assets/images/news/master-goda.jpg
ЕСТЬ ЛОКАЛЬНО,JPG,331 КБ,339294,assets/images/news/olimpiada-avtomatika.jpg,src/assets/images/news/olimpiada-avtomatika.jpg
ЕСТЬ ЛОКАЛЬНО,JPG,247 КБ,253557,assets/images/news/razgovory-o-vazhnom.jpg,src/assets/images/news/razgovory-o-vazhnom.jpg
ЕСТЬ ЛОКАЛЬНО,SVG,648 Б,648,assets/images/og-image.svg,src/assets/images/og-image.svg
ЕСТЬ ЛОКАЛЬНО,PNG,1010 КБ,1034625,assets/images/privetstvie-abiturientov-2026.png,src/assets/images/privetstvie-abiturientov-2026.png
ЕСТЬ ЛОКАЛЬНО,GIF,43 КБ,44706,assets/images/raspisanie-placeholder.gif,src/assets/images/raspisanie-placeholder.gif
ЕСТЬ ЛОКАЛЬНО,JPG,29 КБ,30043,assets/images/sliders/slider1.jpg,src/assets/images/sliders/slider1.jpg
ОТСУТСТВУЕТ ЛОКАЛЬНО,WOFF,176 КБ,180288,assets/mentor/vendor/bootstrap-icons/fonts/bootstrap-icons.woff,
ОТСУТСТВУЕТ ЛОКАЛЬНО,WOFF2,130 КБ,134044,assets/mentor/vendor/bootstrap-icons/fonts/bootstrap-icons.woff2,
ЕСТЬ ЛОКАЛЬНО,JPG,90 КБ,92323,assets/template/about.jpg,src/assets/template/about.jpg
ЕСТЬ ЛОКАЛЬНО,JPG,50 КБ,51602,assets/template/course-1.jpg,src/assets/template/course-1.jpg
ЕСТЬ ЛОКАЛЬНО,JPG,88 КБ,90575,assets/template/course-2.jpg,src/assets/template/course-2.jpg
ЕСТЬ ЛОКАЛЬНО,JPG,117 КБ,120248,assets/template/course-3.jpg,src/assets/template/course-3.jpg
ЕСТЬ ЛОКАЛЬНО,JPG,216 КБ,221542,assets/template/hero-bg.jpg,src/assets/template/hero-bg.jpg
ЕСТЬ ЛОКАЛЬНО,PNG,1 МБ,1390251,assets/uploads/den-otkrytyh-dverej/den-otkrytyh-dverej-1.png,src/assets/uploads/den-otkrytyh-dverej/den-otkrytyh-dverej-1.png
ЕСТЬ ЛОКАЛЬНО,DOCX,20 КБ,20849,assets/uploads/dokumenty/Договор-о-практической-подготовке-обучающихся-2020.docx,src/assets/uploads/dokumenty/Договор-о-практической-подготовке-обучающихся-2020.docx
ЕСТЬ ЛОКАЛЬНО,DOC,104 КБ,107008,assets/uploads/dokumenty/Коллективный-договор-между-работниками-и-работодателем-на-2018-2020-гг..doc,src/assets/uploads/dokumenty/Коллективный-договор-между-работниками-и-работодателем-на-2018-2020-гг..doc
ЕСТЬ ЛОКАЛЬНО,PDF,1 МБ,1642586,assets/uploads/dokumenty/Отчет-об-исполнении-предписания-Ростобрнадзора-2015.pdf,src/assets/uploads/dokumenty/Отчет-об-исполнении-предписания-Ростобрнадзора-2015.pdf
ЕСТЬ ЛОКАЛЬНО,DOC,121 КБ,123904,assets/uploads/dokumenty/Отчет-по-исполнению-предписания-от-12.10.2018-№308-18.doc,src/assets/uploads/dokumenty/Отчет-по-исполнению-предписания-от-12.10.2018-№308-18.doc
ЕСТЬ ЛОКАЛЬНО,PDF,494 КБ,506538,assets/uploads/dokumenty/Письмо-от-Ростобрнадзора-о-снятии-с-контроля-2015.pdf,src/assets/uploads/dokumenty/Письмо-от-Ростобрнадзора-о-снятии-с-контроля-2015.pdf
ЕСТЬ ЛОКАЛЬНО,PDF,233 КБ,239196,assets/uploads/dokumenty/Положение-о-платных-услугах-и-расходовании-средств-2019.pdf,src/assets/uploads/dokumenty/Положение-о-платных-услугах-и-расходовании-средств-2019.pdf
ЕСТЬ ЛОКАЛЬНО,PDF,226 КБ,232376,assets/uploads/dokumenty/Положение-о-пользовании-библиотекой-Приложение-№41-к-приказу-ГБПОУ-РО-СИТ-№5-а-от-25.01.2019.pdf,src/assets/uploads/dokumenty/Положение-о-пользовании-библиотекой-Приложение-№41-к-приказу-ГБПОУ-РО-СИТ-№5-а-от-25.01.2019.pdf
ЕСТЬ ЛОКАЛЬНО,PDF,262 КБ,269050,assets/uploads/dokumenty/Положение-об-оказании-дополнительных-платных-услугах-2019.pdf,src/assets/uploads/dokumenty/Положение-об-оказании-дополнительных-платных-услугах-2019.pdf
ЕСТЬ ЛОКАЛЬНО,PDF,568 КБ,581795,assets/uploads/dokumenty/Предписание-Ростобрнадзора-об-устранении-выявленных-нарушений-2014.pdf,src/assets/uploads/dokumenty/Предписание-Ростобрнадзора-об-устранении-выявленных-нарушений-2014.pdf
ЕСТЬ ЛОКАЛЬНО,PDF,793 КБ,812973,assets/uploads/dokumenty/Преписание-об-устранении-выявленных-нарушений-от-12.10.2018-№308-18.pdf,src/assets/uploads/dokumenty/Преписание-об-устранении-выявленных-нарушений-от-12.10.2018-№308-18.pdf
ЕСТЬ ЛОКАЛЬНО,PDF,54 КБ,55906,assets/uploads/dokumenty/Приказ-об-утверждении-устава-2018.pdf,src/assets/uploads/dokumenty/Приказ-об-утверждении-устава-2018.pdf
ЕСТЬ ЛОКАЛЬНО,PDF,109 КБ,112109,assets/uploads/dokumenty/Приказ-от-18.06.2019-№-1268-о-государственной-аккредитации.pdf,src/assets/uploads/dokumenty/Приказ-от-18.06.2019-№-1268-о-государственной-аккредитации.pdf
ЕСТЬ ЛОКАЛЬНО,PDF,821 КБ,841011,assets/uploads/dokumenty/Приказ-№114-О-внесении-изменений-в-локальные-акты-об-утверждении-локальных-актов-в-новой-редакции-от-27.03.2020.pdf,src/assets/uploads/dokumenty/Приказ-№114-О-внесении-изменений-в-локальные-акты-об-утверждении-локальных-актов-в-новой-редакции-от-27.03.2020.pdf
ЕСТЬ ЛОКАЛЬНО,PDF,578 КБ,592108,assets/uploads/dokumenty/Приказ-№885-О-практической-подготовке-обучающихся-5.08.2020.pdf,src/assets/uploads/dokumenty/Приказ-№885-О-практической-подготовке-обучающихся-5.08.2020.pdf
ЕСТЬ ЛОКАЛЬНО,DOC,62 КБ,63488,assets/uploads/dokumenty/Приложение-2-к-коллективному-договору.doc,src/assets/uploads/dokumenty/Приложение-2-к-коллективному-договору.doc
ЕСТЬ ЛОКАЛЬНО,DOC,32 КБ,33280,assets/uploads/dokumenty/Приложение-3-к-коллективному-договору.doc,src/assets/uploads/dokumenty/Приложение-3-к-коллективному-договору.doc
ЕСТЬ ЛОКАЛЬНО,DOC,749 КБ,766976,assets/uploads/dokumenty/Приложение-к-кол.договору-положение-по-оплате-труда-Работников-ГБПОУ-РО-СИТ-с-изменениями-2017-2018-г..doc,src/assets/uploads/dokumenty/Приложение-к-кол.договору-положение-по-оплате-труда-Работников-ГБПОУ-РО-СИТ-с-изменениями-2017-2018-г..doc
ЕСТЬ ЛОКАЛЬНО,PDF,156 КБ,160175,assets/uploads/dokumenty/Приложение-к-свидетельству-о-гос.аккредитации-18.06.2019.pdf,src/assets/uploads/dokumenty/Приложение-к-свидетельству-о-гос.аккредитации-18.06.2019.pdf
ЕСТЬ ЛОКАЛЬНО,PDF,469 КБ,481263,assets/uploads/dokumenty/Свидетельство-о-государственной-аккредитации-от-18.06.2019.pdf,src/assets/uploads/dokumenty/Свидетельство-о-государственной-аккредитации-от-18.06.2019.pdf
ЕСТЬ ЛОКАЛЬНО,JPG,28 КБ,29508,assets/uploads/dokumenty/Свидетельство-члена-Союза-работодателей.jpg,src/assets/uploads/dokumenty/Свидетельство-члена-Союза-работодателей.jpg
ЕСТЬ ЛОКАЛЬНО,PDF,5 МБ,5423267,assets/uploads/dokumenty/Устав-ГБПОУ-РО-СИТ-14.12.2018.pdf,src/assets/uploads/dokumenty/Устав-ГБПОУ-РО-СИТ-14.12.2018.pdf
ЕСТЬ ЛОКАЛЬНО,DOCX,17 КБ,18214,assets/uploads/employment/gotovimsya-k-sobesedovaniyu.docx,src/assets/uploads/employment/gotovimsya-k-sobesedovaniyu.docx
ЕСТЬ ЛОКАЛЬНО,PDF,366 КБ,375216,assets/uploads/employment/grafik-kursov-dpo-2025-2026.pdf,src/assets/uploads/employment/grafik-kursov-dpo-2025-2026.pdf
ЕСТЬ ЛОКАЛЬНО,DOCX,18 КБ,18606,assets/uploads/employment/individualnyy-plan-karyery.docx,src/assets/uploads/employment/individualnyy-plan-karyery.docx
ЕСТЬ ЛОКАЛЬНО,DOCX,14 КБ,15356,assets/uploads/employment/informatsionnye-resursy-dlya-poiska-raboty.docx,src/assets/uploads/employment/informatsionnye-resursy-dlya-poiska-raboty.docx
ЕСТЬ ЛОКАЛЬНО,DOCX,19 КБ,19680,assets/uploads/employment/kak-sostavit-avtobiografiyu.docx,src/assets/uploads/employment/kak-sostavit-avtobiografiyu.docx
ЕСТЬ ЛОКАЛЬНО,DOCX,23 КБ,24252,assets/uploads/employment/kak-sostavit-karyernyy-plan.docx,src/assets/uploads/employment/kak-sostavit-karyernyy-plan.docx
ЕСТЬ ЛОКАЛЬНО,MP4,17 МБ,18364783,assets/uploads/employment/marshrutizatsiya-molodezhi-mintrud-rf.mp4,src/assets/uploads/employment/marshrutizatsiya-molodezhi-mintrud-rf.mp4
ЕСТЬ ЛОКАЛЬНО,DOCX,15 КБ,16127,assets/uploads/employment/metodika-poiska-raboty.docx,src/assets/uploads/employment/metodika-poiska-raboty.docx
ЕСТЬ ЛОКАЛЬНО,DOCX,18 КБ,18480,assets/uploads/employment/obschaya-informatsiya.docx,src/assets/uploads/employment/obschaya-informatsiya.docx
ЕСТЬ ЛОКАЛЬНО,DOCX,15 КБ,15970,assets/uploads/employment/pamyatka-individualnaya-karyernaya-traektoriya.docx,src/assets/uploads/employment/pamyatka-individualnaya-karyernaya-traektoriya.docx
ЕСТЬ ЛОКАЛЬНО,DOCX,16 КБ,16510,assets/uploads/employment/pamyatka-pervaya-vstrecha.docx,src/assets/uploads/employment/pamyatka-pervaya-vstrecha.docx
ЕСТЬ ЛОКАЛЬНО,DOCX,18 КБ,18511,assets/uploads/employment/pamyatka-po-trudoustroystvu.docx,src/assets/uploads/employment/pamyatka-po-trudoustroystvu.docx
ЕСТЬ ЛОКАЛЬНО,DOCX,13 КБ,14248,assets/uploads/employment/perechen-partnerov.docx,src/assets/uploads/employment/perechen-partnerov.docx
ЕСТЬ ЛОКАЛЬНО,PDF,4 МБ,4740617,assets/uploads/employment/polozhenie-o-tsentre-karyery-prikaz-89-2025.pdf,src/assets/uploads/employment/polozhenie-o-tsentre-karyery-prikaz-89-2025.pdf
ЕСТЬ ЛОКАЛЬНО,JPG,207 КБ,212368,assets/uploads/employment/slayd1.jpg,src/assets/uploads/employment/slayd1.jpg
ЕСТЬ ЛОКАЛЬНО,PDF,4 МБ,4965705,assets/uploads/employment/soglashenie-s-tszn-salsk-2025.pdf,src/assets/uploads/employment/soglashenie-s-tszn-salsk-2025.pdf
ЕСТЬ ЛОКАЛЬНО,DOC,45 КБ,46592,assets/uploads/employment/sostavlyaem-rezyume.doc,src/assets/uploads/employment/sostavlyaem-rezyume.doc
ЕСТЬ ЛОКАЛЬНО,PDF,5 МБ,5690300,assets/uploads/employment/spisok-vakansiy.pdf,src/assets/uploads/employment/spisok-vakansiy.pdf
ЕСТЬ ЛОКАЛЬНО,JPG,21 КБ,22489,assets/uploads/kontakty-grafik/Контакты-и-график-работы-2025.jpg,src/assets/uploads/kontakty-grafik/Контакты-и-график-работы-2025.jpg
ЕСТЬ ЛОКАЛЬНО,JPG,143 КБ,147415,assets/uploads/mezhdunarodnoe/международное-и-межрегиональное-сотрудничество-3-02-21-1.jpg,src/assets/uploads/mezhdunarodnoe/международное-и-межрегиональное-сотрудничество-3-02-21-1.jpg
ЕСТЬ ЛОКАЛЬНО,JPG,310 КБ,317645,assets/uploads/mezhdunarodnoe/международное-и-межрегиональное-сотрудничество-3-02-21-2.jpg,src/assets/uploads/mezhdunarodnoe/международное-и-межрегиональное-сотрудничество-3-02-21-2.jpg
ЕСТЬ ЛОКАЛЬНО,JPG,290 КБ,297948,assets/uploads/mezhdunarodnoe/международное-и-межрегиональное-сотрудничество-3-02-21-3.jpg,src/assets/uploads/mezhdunarodnoe/международное-и-межрегиональное-сотрудничество-3-02-21-3.jpg
ЕСТЬ ЛОКАЛЬНО,JPG,147 КБ,151343,assets/uploads/mezhdunarodnoe/международное-и-межрегиональное-сотрудничество-3-02-21-4.jpg,src/assets/uploads/mezhdunarodnoe/международное-и-межрегиональное-сотрудничество-3-02-21-4.jpg
ЕСТЬ ЛОКАЛЬНО,JPG,142 КБ,145686,assets/uploads/mezhdunarodnoe/международное-и-межрегиональное-сотрудничество-3-02-21-5.jpg,src/assets/uploads/mezhdunarodnoe/международное-и-межрегиональное-сотрудничество-3-02-21-5.jpg
ЕСТЬ ЛОКАЛЬНО,JPG,100 КБ,103070,assets/uploads/mezhdunarodnoe/международное-и-межрегиональное-сотрудничество-3-02-21-6.jpg,src/assets/uploads/mezhdunarodnoe/международное-и-межрегиональное-сотрудничество-3-02-21-6.jpg
ЕСТЬ ЛОКАЛЬНО,JPG,234 КБ,240483,assets/uploads/mezhdunarodnoe/международное-и-межрегиональное-сотрудничество-3-02-21-7.jpg,src/assets/uploads/mezhdunarodnoe/международное-и-межрегиональное-сотрудничество-3-02-21-7.jpg
ЕСТЬ ЛОКАЛЬНО,JPG,106 КБ,109205,assets/uploads/mezhdunarodnoe/международное-и-межрегиональное-сотрудничество-3-02-21-8.jpg,src/assets/uploads/mezhdunarodnoe/международное-и-межрегиональное-сотрудничество-3-02-21-8.jpg
ЕСТЬ ЛОКАЛЬНО,JPG,108 КБ,110875,assets/uploads/mezhdunarodnoe/международное-и-межрегиональное-сотрудничество-3-02-21-9.jpg,src/assets/uploads/mezhdunarodnoe/международное-и-межрегиональное-сотрудничество-3-02-21-9.jpg
ЕСТЬ ЛОКАЛЬНО,DOCX,39 КБ,40875,assets/uploads/mto/biblioteka/13.01.10_Perechen-EOR.docx,src/assets/uploads/mto/biblioteka/13.01.10_Perechen-EOR.docx
ЕСТЬ ЛОКАЛЬНО,PDF,8 МБ,9074126,assets/uploads/mto/biblioteka/Dogovor-s-OOO-Izd-vo-LAN-04.03.2024.pdf,src/assets/uploads/mto/biblioteka/Dogovor-s-OOO-Izd-vo-LAN-04.03.2024.pdf
ЕСТЬ ЛОКАЛЬНО,PDF,357 КБ,365877,assets/uploads/mto/biblioteka/Instruktsiya-dlya-prepodavateley-2023.pdf,src/assets/uploads/mto/biblioteka/Instruktsiya-dlya-prepodavateley-2023.pdf
ЕСТЬ ЛОКАЛЬНО,PDF,1 МБ,2080345,assets/uploads/mto/biblioteka/Instruktsiya-dlya-studentov-2023.pdf,src/assets/uploads/mto/biblioteka/Instruktsiya-dlya-studentov-2023.pdf
ЕСТЬ ЛОКАЛЬНО,PDF,5 МБ,6116977,assets/uploads/mto/biblioteka/Litsenzionnyy-dogovor-43-2025.pdf,src/assets/uploads/mto/biblioteka/Litsenzionnyy-dogovor-43-2025.pdf
ЕСТЬ ЛОКАЛЬНО,PDF,251 КБ,257146,assets/uploads/mto/biblioteka/Litsenzionnyy-dogovor-s-kompaniey-YuRAYT-43-s-prilozheniyami-1-3-2025.pdf.pdf,src/assets/uploads/mto/biblioteka/Litsenzionnyy-dogovor-s-kompaniey-YuRAYT-43-s-prilozheniyami-1-3-2025.pdf.pdf
ЕСТЬ ЛОКАЛЬНО,PDF,671 КБ,687339,assets/uploads/mto/biblioteka/Polozhenie-EOS-2023.pdf,src/assets/uploads/mto/biblioteka/Polozhenie-EOS-2023.pdf
ЕСТЬ ЛОКАЛЬНО,PDF,407 КБ,417642,assets/uploads/mto/biblioteka/Prilozhenie-1-2025.pdf,src/assets/uploads/mto/biblioteka/Prilozhenie-1-2025.pdf
ЕСТЬ ЛОКАЛЬНО,PDF,710 КБ,727966,assets/uploads/mto/biblioteka/Prilozhenie-2-2025.pdf,src/assets/uploads/mto/biblioteka/Prilozhenie-2-2025.pdf
ЕСТЬ ЛОКАЛЬНО,PDF,377 КБ,386163,assets/uploads/mto/biblioteka/Prilozhenie-3-2025.pdf,src/assets/uploads/mto/biblioteka/Prilozhenie-3-2025.pdf
ЕСТЬ ЛОКАЛЬНО,PDF,392 КБ,401790,assets/uploads/mto/biblioteka/Rukovodstvo_mob_pril_LANY.pdf,src/assets/uploads/mto/biblioteka/Rukovodstvo_mob_pril_LANY.pdf
ЕСТЬ ЛОКАЛЬНО,JPG,44 КБ,45480,assets/uploads/mto/biblioteka/tE_cnfy55SHKSlhy3iW-Z3oPXOg_uYVKHjQvNIJ_cY2plGgYjBuse1OkmjXFqRZt836vE878dVOoQx8xNGRSErj9.jpg,src/assets/uploads/mto/biblioteka/tE_cnfy55SHKSlhy3iW-Z3oPXOg_uYVKHjQvNIJ_cY2plGgYjBuse1OkmjXFqRZt836vE878dVOoQx8xNGRSErj9.jpg
ЕСТЬ ЛОКАЛЬНО,PDF,671 КБ,687339,assets/uploads/mto/eios-platform/Polozhenie-EOS-2023.pdf,src/assets/uploads/mto/eios-platform/Polozhenie-EOS-2023.pdf
ЕСТЬ ЛОКАЛЬНО,PNG,105 КБ,107844,assets/uploads/mto/eios-platform/na_sajt3-e1713117795790.png,src/assets/uploads/mto/eios-platform/na_sajt3-e1713117795790.png
ЕСТЬ ЛОКАЛЬНО,PDF,671 КБ,687339,assets/uploads/mto/eios/Polozhenie-EOS-2023.pdf,src/assets/uploads/mto/eios/Polozhenie-EOS-2023.pdf
ЕСТЬ ЛОКАЛЬНО,PDF,179 КБ,183583,assets/uploads/mto/eor/08.01.07_perechen-EOR.pdf,src/assets/uploads/mto/eor/08.01.07_perechen-EOR.pdf
ЕСТЬ ЛОКАЛЬНО,PDF,145 КБ,148558,assets/uploads/mto/eor/09.02.01_perechen-EOR.pdf,src/assets/uploads/mto/eor/09.02.01_perechen-EOR.pdf
ЕСТЬ ЛОКАЛЬНО,DOCX,39 КБ,40875,assets/uploads/mto/eor/13.01.10_Perechen-EOR.docx,src/assets/uploads/mto/eor/13.01.10_Perechen-EOR.docx
ЕСТЬ ЛОКАЛЬНО,PDF,148 КБ,151737,assets/uploads/mto/eor/13.01.10_Perechen-EOR.pdf,src/assets/uploads/mto/eor/13.01.10_Perechen-EOR.pdf
ЕСТЬ ЛОКАЛЬНО,PDF,181 КБ,185496,assets/uploads/mto/eor/15.01.05_perechen-EOR.pdf,src/assets/uploads/mto/eor/15.01.05_perechen-EOR.pdf
ЕСТЬ ЛОКАЛЬНО,PDF,226 КБ,232037,assets/uploads/mto/eor/15.02.07_perechen-EOR.pdf,src/assets/uploads/mto/eor/15.02.07_perechen-EOR.pdf
ЕСТЬ ЛОКАЛЬНО,JPG,179 КБ,184249,assets/uploads/mto/eor/2yFPBzWyKxM.jpg,src/assets/uploads/mto/eor/2yFPBzWyKxM.jpg
ЕСТЬ ЛОКАЛЬНО,PDF,173 КБ,177201,assets/uploads/mto/eor/38.01.02_perechen-EOR.pdf,src/assets/uploads/mto/eor/38.01.02_perechen-EOR.pdf
ЕСТЬ ЛОКАЛЬНО,PDF,153 КБ,157671,assets/uploads/mto/eor/38.02.01_perechen-EOR.pdf,src/assets/uploads/mto/eor/38.02.01_perechen-EOR.pdf
ЕСТЬ ЛОКАЛЬНО,PDF,193 КБ,197688,assets/uploads/mto/eor/43.01.09_perechen-EOR.pdf,src/assets/uploads/mto/eor/43.01.09_perechen-EOR.pdf
ЕСТЬ ЛОКАЛЬНО,PDF,442 КБ,452905,assets/uploads/mto/eor/Katalog-elektronnyh-resursov.pdf,src/assets/uploads/mto/eor/Katalog-elektronnyh-resursov.pdf
ЕСТЬ ЛОКАЛЬНО,PDF,671 КБ,687339,assets/uploads/mto/eor/Polozhenie-EOS-2023.pdf,src/assets/uploads/mto/eor/Polozhenie-EOS-2023.pdf
ЕСТЬ ЛОКАЛЬНО,PDF,230 КБ,236356,assets/uploads/mto/main/Dogovor-Rostelekom-internet.pdf,src/assets/uploads/mto/main/Dogovor-Rostelekom-internet.pdf
ЕСТЬ ЛОКАЛЬНО,JPG,118 КБ,121653,assets/uploads/mto/main/Kabinet-bezopasnosti-zhiznedeyatelnosti.jpg,src/assets/uploads/mto/main/Kabinet-bezopasnosti-zhiznedeyatelnosti.jpg
ЕСТЬ ЛОКАЛЬНО,JPG,105 КБ,108448,assets/uploads/mto/main/Kabinet-ekonomiki-menedzhmenta-finansov-denezhnogo-obrashcheniya-i-kredita.jpg,src/assets/uploads/mto/main/Kabinet-ekonomiki-menedzhmenta-finansov-denezhnogo-obrashcheniya-i-kredita.jpg
ЕСТЬ ЛОКАЛЬНО,JPG,116 КБ,119012,assets/uploads/mto/main/Kabinet-fiziki-i-elektrotehniki.jpg,src/assets/uploads/mto/main/Kabinet-fiziki-i-elektrotehniki.jpg
ЕСТЬ ЛОКАЛЬНО,JPG,103 КБ,106119,assets/uploads/mto/main/Kabinet-himii-biologii.jpg,src/assets/uploads/mto/main/Kabinet-himii-biologii.jpg
ЕСТЬ ЛОКАЛЬНО,JPG,113 КБ,116344,assets/uploads/mto/main/Kabinet-matematiki.jpg,src/assets/uploads/mto/main/Kabinet-matematiki.jpg
ЕСТЬ ЛОКАЛЬНО,JPG,117 КБ,120093,assets/uploads/mto/main/Kabinet-obshchih-gumanitarnyh-i-sotsialnyh-distsiplin.jpg,src/assets/uploads/mto/main/Kabinet-obshchih-gumanitarnyh-i-sotsialnyh-distsiplin.jpg
ЕСТЬ ЛОКАЛЬНО,JPG,109 КБ,112028,assets/uploads/mto/main/Kabinet-tehnologii-kulinarnogo-i-konditerskogo-proizvodstva.jpg,src/assets/uploads/mto/main/Kabinet-tehnologii-kulinarnogo-i-konditerskogo-proizvodstva.jpg
ЕСТЬ ЛОКАЛЬНО,JPG,103 КБ,105859,assets/uploads/mto/main/Laboratoriya-buhgalterskogo-ucheta-nalogov-i-nalogooblozheniya-audita.jpg,src/assets/uploads/mto/main/Laboratoriya-buhgalterskogo-ucheta-nalogov-i-nalogooblozheniya-audita.jpg
ЕСТЬ ЛОКАЛЬНО,JPG,98 КБ,100497,assets/uploads/mto/main/Laboratoriya-informatsionnyh-tehnologiy.jpg,src/assets/uploads/mto/main/Laboratoriya-informatsionnyh-tehnologiy.jpg
ЕСТЬ ЛОКАЛЬНО,JPG,10 КБ,10724,assets/uploads/mto/main/MTO-2022-7.jpg,src/assets/uploads/mto/main/MTO-2022-7.jpg
ЕСТЬ ЛОКАЛЬНО,DOC,51 КБ,52736,assets/uploads/mto/main/Obespechenie-obrazovatelnogo-protsessa-korpusa-1.doc,src/assets/uploads/mto/main/Obespechenie-obrazovatelnogo-protsessa-korpusa-1.doc
ЕСТЬ ЛОКАЛЬНО,DOC,55 КБ,56832,assets/uploads/mto/main/Obespechenie-obrazovatelnogo-protsessa-korpusa-2.doc,src/assets/uploads/mto/main/Obespechenie-obrazovatelnogo-protsessa-korpusa-2.doc
ЕСТЬ ЛОКАЛЬНО,PDF,243 КБ,249567,assets/uploads/paid-services/dogovor-ob-obrazovanii-2024.pdf,src/assets/uploads/paid-services/dogovor-ob-obrazovanii-2024.pdf
ЕСТЬ ЛОКАЛЬНО,PDF,733 КБ,750789,assets/uploads/paid-services/informatsiya-o-tsenah-2025-2026.pdf,src/assets/uploads/paid-services/informatsiya-o-tsenah-2025-2026.pdf
ЕСТЬ ЛОКАЛЬНО,DOCX,81 КБ,83214,assets/uploads/paid-services/obrazets-kvitantsii-dlya-oplaty.docx,src/assets/uploads/paid-services/obrazets-kvitantsii-dlya-oplaty.docx
ЕСТЬ ЛОКАЛЬНО,PDF,233 КБ,239196,assets/uploads/paid-services/polozhenie-o-platnyh-uslugah-2019.pdf,src/assets/uploads/paid-services/polozhenie-o-platnyh-uslugah-2019.pdf
ЕСТЬ ЛОКАЛЬНО,PDF,262 КБ,269050,assets/uploads/paid-services/polozhenie-ob-okazanii-platnyh-uslug-dpp-2019.pdf,src/assets/uploads/paid-services/polozhenie-ob-okazanii-platnyh-uslug-dpp-2019.pdf
ЕСТЬ ЛОКАЛЬНО,PDF,1 МБ,1901055,assets/uploads/paid-services/prikaz-66-ot-01.07.2025-rashody-2025-2029.pdf,src/assets/uploads/paid-services/prikaz-66-ot-01.07.2025-rashody-2025-2029.pdf
ЕСТЬ ЛОКАЛЬНО,DOCX,42 КБ,43942,assets/uploads/praktika/mesta-prohozhdenija-praktiki-uchashhimisja-2024.docx,src/assets/uploads/praktika/mesta-prohozhdenija-praktiki-uchashhimisja-2024.docx
ЕСТЬ ЛОКАЛЬНО,JPG,299 КБ,307148,assets/uploads/rukovodstvo/barabash.jpg,src/assets/uploads/rukovodstvo/barabash.jpg
ЕСТЬ ЛОКАЛЬНО,JPG,41 КБ,42459,assets/uploads/rukovodstvo/beznickaya.jpg,src/assets/uploads/rukovodstvo/beznickaya.jpg
ЕСТЬ ЛОКАЛЬНО,JPG,129 КБ,132275,assets/uploads/rukovodstvo/korotya.jpg,src/assets/uploads/rukovodstvo/korotya.jpg
ЕСТЬ ЛОКАЛЬНО,JPG,181 КБ,186120,assets/uploads/rukovodstvo/krasnokutskaya.jpg,src/assets/uploads/rukovodstvo/krasnokutskaya.jpg
ЕСТЬ ЛОКАЛЬНО,JPG,16 КБ,16593,assets/uploads/rukovodstvo/lomaka.jpg,src/assets/uploads/rukovodstvo/lomaka.jpg
ЕСТЬ ЛОКАЛЬНО,JPEG,85 КБ,87427,assets/uploads/rukovodstvo/senchenko.jpeg,src/assets/uploads/rukovodstvo/senchenko.jpeg
ЕСТЬ ЛОКАЛЬНО,JPG,202 КБ,207569,assets/uploads/rukovodstvo/shelestyan.jpg,src/assets/uploads/rukovodstvo/shelestyan.jpg
ЕСТЬ ЛОКАЛЬНО,JPG,21 КБ,22208,assets/uploads/rukovodstvo/yakimova.jpg,src/assets/uploads/rukovodstvo/yakimova.jpg
ЕСТЬ ЛОКАЛЬНО,JPG,11 КБ,11931,assets/uploads/rukovodstvo/yarovoy.jpg,src/assets/uploads/rukovodstvo/yarovoy.jpg
ЕСТЬ ЛОКАЛЬНО,PDF,222 КБ,228048,assets/uploads/stipend/9.Polozhenie-o-poryadke-zachisleniya-na-polnoe-gosudarstvennoe-obespechenie-i-predostavlenie-dopolnitelnyh-garantiy-po-sotsialnoy-zashchite.pdf,src/assets/uploads/stipend/9.Polozhenie-o-poryadke-zachisleniya-na-polnoe-gosudarstvennoe-obespechenie-i-predostavlenie-dopolnitelnyh-garantiy-po-sotsialnoy-zashchite.pdf
ЕСТЬ ЛОКАЛЬНО,PDF,1 МБ,1356431,assets/uploads/stipend/Izmenenie-v-polozhenie-2.2024.pdf,src/assets/uploads/stipend/Izmenenie-v-polozhenie-2.2024.pdf
ЕСТЬ ЛОКАЛЬНО,PDF,560 КБ,573497,assets/uploads/stipend/Izmeneniya-v-Polozhenie-ob-organizatsii-pitaniya-obuchayushchihsya-GBPOU-RO-SIT.pdf,src/assets/uploads/stipend/Izmeneniya-v-Polozhenie-ob-organizatsii-pitaniya-obuchayushchihsya-GBPOU-RO-SIT.pdf
ЕСТЬ ЛОКАЛЬНО,PDF,459 КБ,470318,assets/uploads/stipend/O-vnesenii-izmeneniy-v-Polozhenie-o-polnom-gos.obespechenii-i-dopolnitelnyh-garantiyah-po-sotsialnoy-podderzhke-detey-sirot.pdf,src/assets/uploads/stipend/O-vnesenii-izmeneniy-v-Polozhenie-o-polnom-gos.obespechenii-i-dopolnitelnyh-garantiyah-po-sotsialnoy-podderzhke-detey-sirot.pdf
ЕСТЬ ЛОКАЛЬНО,PDF,363 КБ,372118,assets/uploads/stipend/Polozhenie-na-gigienu-i-medikamenty-detyam-sirotam.pdf,src/assets/uploads/stipend/Polozhenie-na-gigienu-i-medikamenty-detyam-sirotam.pdf
ЕСТЬ ЛОКАЛЬНО,PDF,405 КБ,415267,assets/uploads/stipend/Polozhenie-na-odezhdu-i-obuv-detyam-sirotam.pdf,src/assets/uploads/stipend/Polozhenie-na-odezhdu-i-obuv-detyam-sirotam.pdf
ЕСТЬ ЛОКАЛЬНО,PDF,359 КБ,368282,assets/uploads/stipend/Polozhenie-na-pitanie-i-prozhivanie-detey-sirot.pdf,src/assets/uploads/stipend/Polozhenie-na-pitanie-i-prozhivanie-detey-sirot.pdf
ЕСТЬ ЛОКАЛЬНО,PDF,430 КБ,440343,assets/uploads/stipend/Polozhenie-na-predmety-pervoy-neobh.-i-kult.-mas.rab.-detyam-sirotam.pdf,src/assets/uploads/stipend/Polozhenie-na-predmety-pervoy-neobh.-i-kult.-mas.rab.-detyam-sirotam.pdf
ЕСТЬ ЛОКАЛЬНО,PDF,447 КБ,458426,assets/uploads/stipend/Polozhenie-na-proezd-detey-sirot.pdf,src/assets/uploads/stipend/Polozhenie-na-proezd-detey-sirot.pdf
ЕСТЬ ЛОКАЛЬНО,PDF,441 КБ,452491,assets/uploads/stipend/Polozhenie-o-dopolnitelnyh-platnyh-uslugah.pdf,src/assets/uploads/stipend/Polozhenie-o-dopolnitelnyh-platnyh-uslugah.pdf
ЕСТЬ ЛОКАЛЬНО,PDF,381 КБ,390629,assets/uploads/stipend/Polozhenie-o-podgotovitelnyh-kursah-detyam-sirotam.pdf,src/assets/uploads/stipend/Polozhenie-o-podgotovitelnyh-kursah-detyam-sirotam.pdf
ЕСТЬ ЛОКАЛЬНО,PDF,419 КБ,429926,assets/uploads/stipend/Polozhenie-o-poryadke-predostavleniya-platnyh-uslug-i-rashodovanii-sredstv.pdf,src/assets/uploads/stipend/Polozhenie-o-poryadke-predostavleniya-platnyh-uslug-i-rashodovanii-sredstv.pdf
ЕСТЬ ЛОКАЛЬНО,PDF,361 КБ,370098,assets/uploads/stipend/Polozhenie-po-denezhnym-vyplatam-detyam-sirotam.pdf,src/assets/uploads/stipend/Polozhenie-po-denezhnym-vyplatam-detyam-sirotam.pdf
ЕСТЬ ЛОКАЛЬНО,PDF,413 КБ,423379,assets/uploads/stipend/Polozhenie-po-vypusku-detey-sirot.pdf,src/assets/uploads/stipend/Polozhenie-po-vypusku-detey-sirot.pdf
ЕСТЬ ЛОКАЛЬНО,PDF,1002 КБ,1026483,assets/uploads/stipend/Prikaz-142-A-ot-10.04.2023-Izmeneniya-v-polozheniya-po-detyam-sirotam-2023.pdf,src/assets/uploads/stipend/Prikaz-142-A-ot-10.04.2023-Izmeneniya-v-polozheniya-po-detyam-sirotam-2023.pdf
ЕСТЬ ЛОКАЛЬНО,PDF,2 МБ,2459838,assets/uploads/stipend/Prikaz-2-ot-10.01.2022-Izmeneniya-v-polozheniya-po-detyam-sirotam-2022.pdf,src/assets/uploads/stipend/Prikaz-2-ot-10.01.2022-Izmeneniya-v-polozheniya-po-detyam-sirotam-2022.pdf
ЕСТЬ ЛОКАЛЬНО,PDF,1 МБ,1520990,assets/uploads/stipend/Prikaz-25-ot-03.03.2023-Izmeneniya-v-polozheniya-po-detyam-sirotam-2023.pdf,src/assets/uploads/stipend/Prikaz-25-ot-03.03.2023-Izmeneniya-v-polozheniya-po-detyam-sirotam-2023.pdf
ЕСТЬ ЛОКАЛЬНО,PDF,3 МБ,3630236,assets/uploads/stipend/Prikaz-3-ot-09.01.2023-g.-O-vnesenii-izmeneniy-v-Polozhenie-o-polnom-gosudarstvennom-obespechenii.pdf,src/assets/uploads/stipend/Prikaz-3-ot-09.01.2023-g.-O-vnesenii-izmeneniy-v-Polozhenie-o-polnom-gosudarstvennom-obespechenii.pdf
ЕСТЬ ЛОКАЛЬНО,PDF,80 КБ,82082,assets/uploads/stipend/Prikaz-34-O-vnesenii-izmeneniy-v-polozhenie-o-stipendialnom-obespechenii-studentov-GBPOU-RO-SIT-12.03.2025.pdf,src/assets/uploads/stipend/Prikaz-34-O-vnesenii-izmeneniy-v-polozhenie-o-stipendialnom-obespechenii-studentov-GBPOU-RO-SIT-12.03.2025.pdf
ЕСТЬ ЛОКАЛЬНО,PDF,500 КБ,512424,assets/uploads/stipend/Prikaz-99-O-vnesenii-izmeneniy-v-polozhenie-o-stipendialnom-obespechenii-studentov-17.11.2020.pdf,src/assets/uploads/stipend/Prikaz-99-O-vnesenii-izmeneniy-v-polozhenie-o-stipendialnom-obespechenii-studentov-17.11.2020.pdf
ЕСТЬ ЛОКАЛЬНО,DOC,94 КБ,96768,assets/uploads/vacancies/norm/O-poryadke-i-usloviyah-perevoda-vosstanovleniya-i-otchisleniya-obuchayushhihsya.doc,src/assets/uploads/vacancies/norm/O-poryadke-i-usloviyah-perevoda-vosstanovleniya-i-otchisleniya-obuchayushhihsya.doc
ЕСТЬ ЛОКАЛЬНО,PDF,142 КБ,145922,assets/uploads/vacancies/norm/Perehod-s-kommertsii-na-byudzhet.pdf,src/assets/uploads/vacancies/norm/Perehod-s-kommertsii-na-byudzhet.pdf
ЕСТЬ ЛОКАЛЬНО,DOC,40 КБ,40960,assets/uploads/vacancies/norm/Prikaz-Minobrnauki-RF-N443.doc,src/assets/uploads/vacancies/norm/Prikaz-Minobrnauki-RF-N443.doc
ЕСТЬ ЛОКАЛЬНО,JPEG,18 КБ,19180,assets/uploads/virtualnaya-ekskursiya/WhatsApp-Image-2025-03-02-at-19.39.22-300x225.jpeg,src/assets/uploads/virtualnaya-ekskursiya/WhatsApp-Image-2025-03-02-at-19.39.22-300x225.jpeg
ЕСТЬ ЛОКАЛЬНО,JPEG,12 КБ,13005,assets/uploads/virtualnaya-ekskursiya/WhatsApp-Image-2025-03-02-at-19.39.23-1-300x169.jpeg,src/assets/uploads/virtualnaya-ekskursiya/WhatsApp-Image-2025-03-02-at-19.39.23-1-300x169.jpeg
ЕСТЬ ЛОКАЛЬНО,JPEG,14 КБ,15111,assets/uploads/virtualnaya-ekskursiya/WhatsApp-Image-2025-03-02-at-19.39.23-2-300x225.jpeg,src/assets/uploads/virtualnaya-ekskursiya/WhatsApp-Image-2025-03-02-at-19.39.23-2-300x225.jpeg
ЕСТЬ ЛОКАЛЬНО,JPEG,12 КБ,12971,assets/uploads/virtualnaya-ekskursiya/WhatsApp-Image-2025-03-02-at-19.39.23-225x300.jpeg,src/assets/uploads/virtualnaya-ekskursiya/WhatsApp-Image-2025-03-02-at-19.39.23-225x300.jpeg
ЕСТЬ ЛОКАЛЬНО,JPEG,12 КБ,12795,assets/uploads/virtualnaya-ekskursiya/WhatsApp-Image-2025-03-02-at-19.39.24-1-300x169.jpeg,src/assets/uploads/virtualnaya-ekskursiya/WhatsApp-Image-2025-03-02-at-19.39.24-1-300x169.jpeg
ЕСТЬ ЛОКАЛЬНО,JPEG,13 КБ,13652,assets/uploads/virtualnaya-ekskursiya/WhatsApp-Image-2025-03-02-at-19.39.24-2-300x200.jpeg,src/assets/uploads/virtualnaya-ekskursiya/WhatsApp-Image-2025-03-02-at-19.39.24-2-300x200.jpeg
ЕСТЬ ЛОКАЛЬНО,JPEG,18 КБ,18632,assets/uploads/virtualnaya-ekskursiya/WhatsApp-Image-2025-03-02-at-19.39.24-3-300x225.jpeg,src/assets/uploads/virtualnaya-ekskursiya/WhatsApp-Image-2025-03-02-at-19.39.24-3-300x225.jpeg
ЕСТЬ ЛОКАЛЬНО,JPEG,18 КБ,19146,assets/uploads/virtualnaya-ekskursiya/WhatsApp-Image-2025-03-02-at-19.39.24-300x226.jpeg,src/assets/uploads/virtualnaya-ekskursiya/WhatsApp-Image-2025-03-02-at-19.39.24-300x226.jpeg
ЕСТЬ ЛОКАЛЬНО,JPEG,13 КБ,13349,assets/uploads/virtualnaya-ekskursiya/WhatsApp-Image-2025-03-02-at-19.39.25-1-300x225.jpeg,src/assets/uploads/virtualnaya-ekskursiya/WhatsApp-Image-2025-03-02-at-19.39.25-1-300x225.jpeg
ЕСТЬ ЛОКАЛЬНО,JPEG,17 КБ,18057,assets/uploads/virtualnaya-ekskursiya/WhatsApp-Image-2025-03-02-at-19.39.25-2-300x225.jpeg,src/assets/uploads/virtualnaya-ekskursiya/WhatsApp-Image-2025-03-02-at-19.39.25-2-300x225.jpeg
ЕСТЬ ЛОКАЛЬНО,JPEG,16 КБ,16778,assets/uploads/virtualnaya-ekskursiya/WhatsApp-Image-2025-03-02-at-19.39.25-3-300x225.jpeg,src/assets/uploads/virtualnaya-ekskursiya/WhatsApp-Image-2025-03-02-at-19.39.25-3-300x225.jpeg
ЕСТЬ ЛОКАЛЬНО,JPEG,13 КБ,14310,assets/uploads/virtualnaya-ekskursiya/WhatsApp-Image-2025-03-02-at-19.39.25-300x200.jpeg,src/assets/uploads/virtualnaya-ekskursiya/WhatsApp-Image-2025-03-02-at-19.39.25-300x200.jpeg
ЕСТЬ ЛОКАЛЬНО,JPEG,17 КБ,17504,assets/uploads/virtualnaya-ekskursiya/WhatsApp-Image-2025-03-02-at-19.39.26-1-300x225.jpeg,src/assets/uploads/virtualnaya-ekskursiya/WhatsApp-Image-2025-03-02-at-19.39.26-1-300x225.jpeg
ЕСТЬ ЛОКАЛЬНО,JPEG,14 КБ,14729,assets/uploads/virtualnaya-ekskursiya/WhatsApp-Image-2025-03-02-at-19.39.26-2-300x225.jpeg,src/assets/uploads/virtualnaya-ekskursiya/WhatsApp-Image-2025-03-02-at-19.39.26-2-300x225.jpeg
ЕСТЬ ЛОКАЛЬНО,JPEG,18 КБ,19294,assets/uploads/virtualnaya-ekskursiya/WhatsApp-Image-2025-03-02-at-19.39.26-300x225.jpeg,src/assets/uploads/virtualnaya-ekskursiya/WhatsApp-Image-2025-03-02-at-19.39.26-300x225.jpeg
ЕСТЬ ЛОКАЛЬНО,JPEG,15 КБ,15590,assets/uploads/virtualnaya-ekskursiya/WhatsApp-Image-2025-03-02-at-19.39.27-1-226x300.jpeg,src/assets/uploads/virtualnaya-ekskursiya/WhatsApp-Image-2025-03-02-at-19.39.27-1-226x300.jpeg
ЕСТЬ ЛОКАЛЬНО,JPEG,15 КБ,15954,assets/uploads/virtualnaya-ekskursiya/WhatsApp-Image-2025-03-02-at-19.39.27-2-225x300.jpeg,src/assets/uploads/virtualnaya-ekskursiya/WhatsApp-Image-2025-03-02-at-19.39.27-2-225x300.jpeg
ЕСТЬ ЛОКАЛЬНО,JPEG,13 КБ,13426,assets/uploads/virtualnaya-ekskursiya/WhatsApp-Image-2025-03-02-at-19.39.27-3-225x300.jpeg,src/assets/uploads/virtualnaya-ekskursiya/WhatsApp-Image-2025-03-02-at-19.39.27-3-225x300.jpeg
ЕСТЬ ЛОКАЛЬНО,JPEG,14 КБ,14598,assets/uploads/virtualnaya-ekskursiya/WhatsApp-Image-2025-03-02-at-19.39.27-300x225.jpeg,src/assets/uploads/virtualnaya-ekskursiya/WhatsApp-Image-2025-03-02-at-19.39.27-300x225.jpeg
ЕСТЬ ЛОКАЛЬНО,JPEG,13 КБ,13427,assets/uploads/virtualnaya-ekskursiya/WhatsApp-Image-2025-03-02-at-19.39.28-1-300x225.jpeg,src/assets/uploads/virtualnaya-ekskursiya/WhatsApp-Image-2025-03-02-at-19.39.28-1-300x225.jpeg
ЕСТЬ ЛОКАЛЬНО,JPEG,13 КБ,13533,assets/uploads/virtualnaya-ekskursiya/WhatsApp-Image-2025-03-02-at-19.39.28-2-300x225.jpeg,src/assets/uploads/virtualnaya-ekskursiya/WhatsApp-Image-2025-03-02-at-19.39.28-2-300x225.jpeg
ЕСТЬ ЛОКАЛЬНО,JPEG,18 КБ,18612,assets/uploads/virtualnaya-ekskursiya/WhatsApp-Image-2025-03-02-at-19.39.28-300x225.jpeg,src/assets/uploads/virtualnaya-ekskursiya/WhatsApp-Image-2025-03-02-at-19.39.28-300x225.jpeg
ЕСТЬ ЛОКАЛЬНО,JPEG,18 КБ,18567,assets/uploads/virtualnaya-ekskursiya/WhatsApp-Image-2025-03-02-at-19.39.29-1-225x300.jpeg,src/assets/uploads/virtualnaya-ekskursiya/WhatsApp-Image-2025-03-02-at-19.39.29-1-225x300.jpeg
ЕСТЬ ЛОКАЛЬНО,JPEG,18 КБ,18691,assets/uploads/virtualnaya-ekskursiya/WhatsApp-Image-2025-03-02-at-19.39.29-2-300x225.jpeg,src/assets/uploads/virtualnaya-ekskursiya/WhatsApp-Image-2025-03-02-at-19.39.29-2-300x225.jpeg
ЕСТЬ ЛОКАЛЬНО,JPEG,23 КБ,23991,assets/uploads/virtualnaya-ekskursiya/WhatsApp-Image-2025-03-02-at-19.39.29-225x300.jpeg,src/assets/uploads/virtualnaya-ekskursiya/WhatsApp-Image-2025-03-02-at-19.39.29-225x300.jpeg
ЕСТЬ ЛОКАЛЬНО,JPEG,14 КБ,14601,assets/uploads/virtualnaya-ekskursiya/WhatsApp-Image-2025-03-02-at-19.39.29-3-300x226.jpeg,src/assets/uploads/virtualnaya-ekskursiya/WhatsApp-Image-2025-03-02-at-19.39.29-3-300x226.jpeg
ЕСТЬ ЛОКАЛЬНО,JPEG,12 КБ,12464,assets/uploads/virtualnaya-ekskursiya/WhatsApp-Image-2025-03-02-at-19.39.30-1-300x200.jpeg,src/assets/uploads/virtualnaya-ekskursiya/WhatsApp-Image-2025-03-02-at-19.39.30-1-300x200.jpeg
ЕСТЬ ЛОКАЛЬНО,JPEG,17 КБ,18087,assets/uploads/virtualnaya-ekskursiya/WhatsApp-Image-2025-03-02-at-19.39.30-2-300x225.jpeg,src/assets/uploads/virtualnaya-ekskursiya/WhatsApp-Image-2025-03-02-at-19.39.30-2-300x225.jpeg
ЕСТЬ ЛОКАЛЬНО,JPEG,11 КБ,11955,assets/uploads/virtualnaya-ekskursiya/WhatsApp-Image-2025-03-02-at-19.39.30-3-300x169.jpeg,src/assets/uploads/virtualnaya-ekskursiya/WhatsApp-Image-2025-03-02-at-19.39.30-3-300x169.jpeg
ЕСТЬ ЛОКАЛЬНО,JPEG,11 КБ,11628,assets/uploads/virtualnaya-ekskursiya/WhatsApp-Image-2025-03-02-at-19.39.30-300x225.jpeg,src/assets/uploads/virtualnaya-ekskursiya/WhatsApp-Image-2025-03-02-at-19.39.30-300x225.jpeg
ЕСТЬ ЛОКАЛЬНО,JPEG,15 КБ,16030,assets/uploads/virtualnaya-ekskursiya/WhatsApp-Image-2025-03-02-at-19.39.31-1-300x225.jpeg,src/assets/uploads/virtualnaya-ekskursiya/WhatsApp-Image-2025-03-02-at-19.39.31-1-300x225.jpeg
ЕСТЬ ЛОКАЛЬНО,JPEG,10 КБ,10437,assets/uploads/virtualnaya-ekskursiya/WhatsApp-Image-2025-03-02-at-19.39.31-2-300x169.jpeg,src/assets/uploads/virtualnaya-ekskursiya/WhatsApp-Image-2025-03-02-at-19.39.31-2-300x169.jpeg
ЕСТЬ ЛОКАЛЬНО,JPEG,12 КБ,12974,assets/uploads/virtualnaya-ekskursiya/WhatsApp-Image-2025-03-02-at-19.39.32-2-300x169.jpeg,src/assets/uploads/virtualnaya-ekskursiya/WhatsApp-Image-2025-03-02-at-19.39.32-2-300x169.jpeg
ЕСТЬ ЛОКАЛЬНО,JPEG,15 КБ,16205,assets/uploads/virtualnaya-ekskursiya/WhatsApp-Image-2025-03-02-at-19.39.32-3-300x224.jpeg,src/assets/uploads/virtualnaya-ekskursiya/WhatsApp-Image-2025-03-02-at-19.39.32-3-300x224.jpeg
ЕСТЬ ЛОКАЛЬНО,JPEG,14 КБ,14889,assets/uploads/virtualnaya-ekskursiya/WhatsApp-Image-2025-03-02-at-19.39.32-300x169.jpeg,src/assets/uploads/virtualnaya-ekskursiya/WhatsApp-Image-2025-03-02-at-19.39.32-300x169.jpeg
ЕСТЬ ЛОКАЛЬНО,JPEG,15 КБ,15996,assets/uploads/virtualnaya-ekskursiya/WhatsApp-Image-2025-03-02-at-19.39.33-1-300x225.jpeg,src/assets/uploads/virtualnaya-ekskursiya/WhatsApp-Image-2025-03-02-at-19.39.33-1-300x225.jpeg
ЕСТЬ ЛОКАЛЬНО,JPEG,12 КБ,12883,assets/uploads/virtualnaya-ekskursiya/WhatsApp-Image-2025-03-02-at-19.39.33-2-300x169.jpeg,src/assets/uploads/virtualnaya-ekskursiya/WhatsApp-Image-2025-03-02-at-19.39.33-2-300x169.jpeg
ЕСТЬ ЛОКАЛЬНО,JPEG,11 КБ,12069,assets/uploads/virtualnaya-ekskursiya/WhatsApp-Image-2025-03-02-at-19.39.33-300x169.jpeg,src/assets/uploads/virtualnaya-ekskursiya/WhatsApp-Image-2025-03-02-at-19.39.33-300x169.jpeg
ЕСТЬ ЛОКАЛЬНО,JPEG,12 КБ,12383,assets/uploads/virtualnaya-ekskursiya/WhatsApp-Image-2025-03-02-at-19.39.34-1-300x135.jpeg,src/assets/uploads/virtualnaya-ekskursiya/WhatsApp-Image-2025-03-02-at-19.39.34-1-300x135.jpeg
ЕСТЬ ЛОКАЛЬНО,JPEG,13 КБ,13322,assets/uploads/virtualnaya-ekskursiya/WhatsApp-Image-2025-03-02-at-19.39.34-2-300x183.jpeg,src/assets/uploads/virtualnaya-ekskursiya/WhatsApp-Image-2025-03-02-at-19.39.34-2-300x183.jpeg
ЕСТЬ ЛОКАЛЬНО,JPEG,10 КБ,10809,assets/uploads/virtualnaya-ekskursiya/WhatsApp-Image-2025-03-02-at-19.39.34-3-200x300.jpeg,src/assets/uploads/virtualnaya-ekskursiya/WhatsApp-Image-2025-03-02-at-19.39.34-3-200x300.jpeg
ЕСТЬ ЛОКАЛЬНО,JPEG,16 КБ,17269,assets/uploads/virtualnaya-ekskursiya/WhatsApp-Image-2025-03-02-at-19.39.34-300x225.jpeg,src/assets/uploads/virtualnaya-ekskursiya/WhatsApp-Image-2025-03-02-at-19.39.34-300x225.jpeg
ЕСТЬ ЛОКАЛЬНО,JPEG,13 КБ,13440,assets/uploads/virtualnaya-ekskursiya/WhatsApp-Image-2025-03-02-at-19.39.35-1-300x150.jpeg,src/assets/uploads/virtualnaya-ekskursiya/WhatsApp-Image-2025-03-02-at-19.39.35-1-300x150.jpeg
ЕСТЬ ЛОКАЛЬНО,JPEG,10 КБ,10736,assets/uploads/virtualnaya-ekskursiya/WhatsApp-Image-2025-03-02-at-19.39.35-2-300x200.jpeg,src/assets/uploads/virtualnaya-ekskursiya/WhatsApp-Image-2025-03-02-at-19.39.35-2-300x200.jpeg
ЕСТЬ ЛОКАЛЬНО,JPEG,9 КБ,9751,assets/uploads/virtualnaya-ekskursiya/WhatsApp-Image-2025-03-02-at-19.39.35-300x200.jpeg,src/assets/uploads/virtualnaya-ekskursiya/WhatsApp-Image-2025-03-02-at-19.39.35-300x200.jpeg
ЕСТЬ ЛОКАЛЬНО,JPEG,16 КБ,17093,assets/uploads/virtualnaya-ekskursiya/первая-300x225.jpeg,src/assets/uploads/virtualnaya-ekskursiya/первая-300x225.jpeg
ЕСТЬ ЛОКАЛЬНО,JPG,95 КБ,98298,assets/uploads/vsoko/vsoko.jpg,src/assets/uploads/vsoko/vsoko.jpg
ОТСУТСТВУЕТ ЛОКАЛЬНО,PDF,261 КБ,267763,docs/dokumenty/04.08.2025-Выписка-из-реестра-аккредитованных-организаций-№-А007-01276-61-01000428.pdf,
ОТСУТСТВУЕТ ЛОКАЛЬНО,PDF,175 КБ,179621,docs/dokumenty/1.Положение-об-организации-питания-ГБПОУ-РО-СИТ.pdf,
ОТСУТСТВУЕТ ЛОКАЛЬНО,PDF,2 МБ,2494831,docs/dokumenty/2023_Отчет-самообследование.pdf,
ОТСУТСТВУЕТ ЛОКАЛЬНО,ZIP,2 МБ,2131399,docs/dokumenty/2023_Отчет-самообследование.zip,
ОТСУТСТВУЕТ ЛОКАЛЬНО,ZIP,2 МБ,2490296,docs/dokumenty/Attachments_sitbuh2015@mail.ru_2022-01-18_08-34-54.zip,
ОТСУТСТВУЕТ ЛОКАЛЬНО,PDF,318 КБ,326464,docs/dokumenty/anti-corruption/kodeks-etiki-140.pdf,
ОТСУТСТВУЕТ ЛОКАЛЬНО,PDF,606 КБ,621379,docs/dokumenty/anti-corruption/polozhenie-antikorrupcia-143-full.pdf,
ОТСУТСТВУЕТ ЛОКАЛЬНО,PDF,162 Б,162,docs/dokumenty/anti-corruption/polozhenie-antikorrupcia-143.pdf,
ОТСУТСТВУЕТ ЛОКАЛЬНО,PDF,199 КБ,204100,docs/dokumenty/anti-corruption/pravila-obmena-delovymi-podarkami-144.pdf,
ОТСУТСТВУЕТ ЛОКАЛЬНО,PDF,78 КБ,80348,docs/dokumenty/Выписка-из-реестра-лицензий-по-состоянию-на-13-мая-2024.pdf,
ОТСУТСТВУЕТ ЛОКАЛЬНО,PDF,263 КБ,269465,docs/dokumenty/Выписка-из-реестра-лицензий-№-5923-9.06.21.pdf,
ОТСУТСТВУЕТ ЛОКАЛЬНО,PDF,264 КБ,270569,docs/dokumenty/Выписка-из-реестра-лицензий-№-Л035-01276-61-00201708-3.pdf,
ОТСУТСТВУЕТ ЛОКАЛЬНО,PDF,263 КБ,269874,docs/dokumenty/Выписка-из-реестра-лицензий-№-Л035-01276-61-00201708-5.pdf,
ОТСУТСТВУЕТ ЛОКАЛЬНО,PDF,264 КБ,270488,docs/dokumenty/Выписка-из-реестра-лицензий-№-Л035-01276-61-00201708-по-состоянию-на-30.04.2025.pdf,
ОТСУТСТВУЕТ ЛОКАЛЬНО,PDF,269 КБ,275490,docs/dokumenty/Выписка-из-реестра-лицензий-№Л035-01276-61-00201708-07.04.2026.pdf,
ОТСУТСТВУЕТ ЛОКАЛЬНО,PDF,230 КБ,236356,docs/dokumenty/Договор-Ростелеком-интернет.pdf,
ОТСУТСТВУЕТ ЛОКАЛЬНО,DOC,30 КБ,31232,docs/dokumenty/Заявление-на-вселение-в-общежитие-несов-2026.doc,
ОТСУТСТВУЕТ ЛОКАЛЬНО,DOCX,13 КБ,13733,docs/dokumenty/Заявление-на-вселение-в-общежитие-совер-2026.docx,
ОТСУТСТВУЕТ ЛОКАЛЬНО,PDF,557 КБ,570390,docs/dokumenty/Изменения-в-устав-обложка-2025.pdf,
ОТСУТСТВУЕТ ЛОКАЛЬНО,PDF,301 КБ,308357,docs/dokumenty/Кодекс-профессиональной-этики.pdf,
ОТСУТСТВУЕТ ЛОКАЛЬНО,PDF,215 КБ,220382,docs/dokumenty/Коллективный-договор-01.12.2025.pdf,
ОТСУТСТВУЕТ ЛОКАЛЬНО,ZIP,246 КБ,252436,docs/dokumenty/Коллективный-договор-01.12.2025.zip,
ОТСУТСТВУЕТ ЛОКАЛЬНО,PDF,1 МБ,1309579,docs/dokumenty/Коллективный-договор-2022-25-г..pdf,
ОТСУТСТВУЕТ ЛОКАЛЬНО,ZIP,1 МБ,1075058,docs/dokumenty/Коллективный-договор-2022-25-г..zip,
ОТСУТСТВУЕТ ЛОКАЛЬНО,PDF,82 КБ,84382,docs/dokumenty/Коллективный-договор-Титульный-лист-01.12.2025.pdf,
ОТСУТСТВУЕТ ЛОКАЛЬНО,ZIP,130 КБ,133946,docs/dokumenty/Коллективный-договор-Титульный-лист-01.12.2025.zip,
ОТСУТСТВУЕТ ЛОКАЛЬНО,PDF,2 МБ,2784043,docs/dokumenty/Лицензия-на-осуществление-образовательной-деятельности-и-приложение-к-ней-2021.pdf,
ОТСУТСТВУЕТ ЛОКАЛЬНО,DOCX,34 КБ,35499,docs/dokumenty/Методические-рекомендации-содействия-трудоустройства-выпускников-ГБПОУ-РО-СИТ.docx,
ОТСУТСТВУЕТ ЛОКАЛЬНО,ZIP,84 КБ,87008,docs/dokumenty/О-переоформлении-лицензии-ГБПОУ-РО-СИТ.zip,
ОТСУТСТВУЕТ ЛОКАЛЬНО,PDF,1 МБ,1838344,docs/dokumenty/ОТЧЕТ-по-итогам-самообследования-ГБПОУ-РО-«Сальский-индустриальный-техникум»-за-2021-год-.pdf,
ОТСУТСТВУЕТ ЛОКАЛЬНО,PDF,2 МБ,2834912,docs/dokumenty/Отчет-по-итогам-самообследования-за-2024-год.pdf,
ОТСУТСТВУЕТ ЛОКАЛЬНО,ZIP,2 МБ,2423278,docs/dokumenty/Отчет-по-итогам-самообследования-за-2024-год.zip,
ОТСУТСТВУЕТ ЛОКАЛЬНО,PDF,2 МБ,2410992,docs/dokumenty/Отчет-самообследование_2025.pdf,
ОТСУТСТВУЕТ ЛОКАЛЬНО,ZIP,1 МБ,2019194,docs/dokumenty/Отчет-самообследование_2025.zip,
ОТСУТСТВУЕТ ЛОКАЛЬНО,PDF,456 КБ,467233,docs/dokumenty/ПОЛИТИКА-05-05-23-—-прил-к-приказу.pdf,
ОТСУТСТВУЕТ ЛОКАЛЬНО,ZIP,459 КБ,470085,docs/dokumenty/ПОЛИТИКА-05-05-23-—-прил-к-приказу.zip,
ОТСУТСТВУЕТ ЛОКАЛЬНО,PDF,43 КБ,44187,docs/dokumenty/ПРИКАЗ-№495-О-создании-Совета-родителей-законных-представителей-на-2024-2025-уч.год-02.10.2024.pdf,
ОТСУТСТВУЕТ ЛОКАЛЬНО,ZIP,77 КБ,79408,docs/dokumenty/ПРИКАЗ-№495-О-создании-Совета-родителей-законных-представителей-на-2024-2025-уч.год-02.10.2024.zip,
ОТСУТСТВУЕТ ЛОКАЛЬНО,DOCX,1 МБ,1466009,docs/dokumenty/Памятка-Как-подать-заявление-на-присвоение-квалификационной-категории.docx,
ОТСУТСТВУЕТ ЛОКАЛЬНО,PDF,437 КБ,448172,docs/dokumenty/Памятка-об-организации-целевого-обучения-для-обучающегося-по-образовательным-программам-спо-2024.pdf,
ОТСУТСТВУЕТ ЛОКАЛЬНО,PDF,352 КБ,360566,docs/dokumenty/Памятка-об-организации-целевого-обучения-для-руководителя-образовательной-организации-реализующей-образовательные-программы-спо-2024.pdf,
ОТСУТСТВУЕТ ЛОКАЛЬНО,DOC,44 КБ,45568,docs/dokumenty/План-мероприятий-направленный-на-содействие-занятости-выпускников-ГБПОУ-РО-«Сальский-индустриальный-техникум»-на-период-2022-2023-уч.год.doc,
ОТСУТСТВУЕТ ЛОКАЛЬНО,ZIP,36 КБ,37659,docs/dokumenty/План-мероприятий-направленный-на-содействие-занятости-выпускников-ГБПОУ-РО-«Сальский-индустриальный-техникум»-на-период-2022-2023-уч.год.zip,
ОТСУТСТВУЕТ ЛОКАЛЬНО,DOCX,15 КБ,16334,docs/dokumenty/План-работы-приемной-комиссии-на-2026-2027-учебный-год-2026.docx,
ОТСУТСТВУЕТ ЛОКАЛЬНО,ZIP,28 КБ,29407,docs/dokumenty/План-работы-приемной-комиссии-на-2026-2027-учебный-год-2026.zip,
ОТСУТСТВУЕТ ЛОКАЛЬНО,PDF,3 МБ,3664949,docs/dokumenty/План-работы-техникума-на-2025-2026-учебный-год.pdf,
ОТСУТСТВУЕТ ЛОКАЛЬНО,PDF,671 КБ,687339,docs/dokumenty/Положение-ЭОС-2023.pdf,
ОТСУТСТВУЕТ ЛОКАЛЬНО,ZIP,650 КБ,665839,docs/dokumenty/Положение-ЭОС-2023.zip,
ОТСУТСТВУЕТ ЛОКАЛЬНО,PDF,363 КБ,372118,docs/dokumenty/Положение-на-гигиену-и-медикаменты-детям-сиротам.pdf,
ОТСУТСТВУЕТ ЛОКАЛЬНО,ZIP,344 КБ,352499,docs/dokumenty/Положение-на-гигиену-и-медикаменты-детям-сиротам.zip,
ОТСУТСТВУЕТ ЛОКАЛЬНО,PDF,405 КБ,415267,docs/dokumenty/Положение-на-одежду-и-обувь-детям-сиротам.pdf,
ОТСУТСТВУЕТ ЛОКАЛЬНО,ZIP,375 КБ,384747,docs/dokumenty/Положение-на-одежду-и-обувь-детям-сиротам.zip,
ОТСУТСТВУЕТ ЛОКАЛЬНО,PDF,359 КБ,368282,docs/dokumenty/Положение-на-питание-и-проживание-детей-сирот.pdf,
ОТСУТСТВУЕТ ЛОКАЛЬНО,ZIP,342 КБ,350468,docs/dokumenty/Положение-на-питание-и-проживание-детей-сирот.zip,
ОТСУТСТВУЕТ ЛОКАЛЬНО,PDF,430 КБ,440343,docs/dokumenty/Положение-на-предметы-первой-необх.-и-культ.-мас.раб.-детям-сиротам.pdf,
ОТСУТСТВУЕТ ЛОКАЛЬНО,ZIP,410 КБ,420138,docs/dokumenty/Положение-на-предметы-первой-необх.-и-культ.-мас.раб.-детям-сиротам.zip,
ОТСУТСТВУЕТ ЛОКАЛЬНО,PDF,447 КБ,458426,docs/dokumenty/Положение-на-проезд-детей-сирот.pdf,
ОТСУТСТВУЕТ ЛОКАЛЬНО,ZIP,430 КБ,441126,docs/dokumenty/Положение-на-проезд-детей-сирот.zip,
ОТСУТСТВУЕТ ЛОКАЛЬНО,PDF,298 КБ,305790,docs/dokumenty/Положение-о-КТП-2023.pdf,
ОТСУТСТВУЕТ ЛОКАЛЬНО,ZIP,951 КБ,974771,docs/dokumenty/Положение-о-КТП-2023.zip,
ОТСУТСТВУЕТ ЛОКАЛЬНО,PDF,97 КБ,99622,docs/dokumenty/Положение-о-Порядке-допуска-собаки-проводника-2024.pdf,
ОТСУТСТВУЕТ ЛОКАЛЬНО,ZIP,133 КБ,136814,docs/dokumenty/Положение-о-Порядке-допуска-собаки-проводника-2024.zip,
ОТСУТСТВУЕТ ЛОКАЛЬНО,PDF,743 КБ,761697,docs/dokumenty/Положение-о-РП-учебных-дисциплин-и-ПМ-2023.pdf,
ОТСУТСТВУЕТ ЛОКАЛЬНО,ZIP,1 МБ,1850838,docs/dokumenty/Положение-о-РП-учебных-дисциплин-и-ПМ-2023.zip,
ОТСУТСТВУЕТ ЛОКАЛЬНО,PDF,627 КБ,642839,docs/dokumenty/Положение-о-РП-учебных-дисциплин-общеобразовательного-цикла-.pdf,
ОТСУТСТВУЕТ ЛОКАЛЬНО,ZIP,749 КБ,767961,docs/dokumenty/Положение-о-РП-учебных-дисциплин-общеобразовательного-цикла-.zip,
ОТСУТСТВУЕТ ЛОКАЛЬНО,ZIP,570 КБ,584156,docs/dokumenty/Положение-о-СДО-Moodle.zip,
ОТСУТСТВУЕТ ЛОКАЛЬНО,ZIP,124 КБ,127243,docs/dokumenty/Положение-о-Совете-техникума-2024.zip,
ОТСУТСТВУЕТ ЛОКАЛЬНО,PDF,185 КБ,190100,docs/dokumenty/Положение-о-ЦК-2023.pdf,
ОТСУТСТВУЕТ ЛОКАЛЬНО,ZIP,735 КБ,753329,docs/dokumenty/Положение-о-ЦК-2023.zip,
ОТСУТСТВУЕТ ЛОКАЛЬНО,PDF,4 МБ,4740617,docs/dokumenty/Положение-о-Центре-Карьеры-техникума-Приложение-к-Приказу-№89-от-29.08.25.pdf,
ОТСУТСТВУЕТ ЛОКАЛЬНО,ZIP,2 МБ,2983930,docs/dokumenty/Положение-о-Центре-содействия-трудоустройству-выпускников-2021-э-подпись.zip,
ОТСУТСТВУЕТ ЛОКАЛЬНО,PDF,2 МБ,2964455,docs/dokumenty/Положение-о-Центре-содействия-трудоустройству-выпускников-2021.pdf,
ОТСУТСТВУЕТ ЛОКАЛЬНО,PDF,423 КБ,433991,docs/dokumenty/Положение-о-б-аттестации-на-категорию.pdf,
ОТСУТСТВУЕТ ЛОКАЛЬНО,ZIP,277 КБ,284608,docs/dokumenty/Положение-о-б-аттестации-на-категорию.zip,
ОТСУТСТВУЕТ ЛОКАЛЬНО,PDF,135 КБ,139183,docs/dokumenty/Положение-о-б-аттестации-пед.-работников-на-соответствие-занимаемой-должности.pdf,
ОТСУТСТВУЕТ ЛОКАЛЬНО,ZIP,277 КБ,284608,docs/dokumenty/Положение-о-б-аттестации-пед.-работников-на-соответствие-занимаемой-должности.zip,
ОТСУТСТВУЕТ ЛОКАЛЬНО,PDF,544 КБ,557988,docs/dokumenty/Положение-о-внутренней-системе-оценки-качества-образовательной-деятельности-в-техникуме-2023.pdf,
ОТСУТСТВУЕТ ЛОКАЛЬНО,ZIP,538 КБ,551391,docs/dokumenty/Положение-о-внутренней-системе-оценки-качества-образовательной-деятельности-в-техникуме-2023.zip,
ОТСУТСТВУЕТ ЛОКАЛЬНО,PDF,265 КБ,272353,docs/dokumenty/Положение-о-дежурной-группе-Приложение-№-36-к-приказу-ГБПОУ-РО-«СИТ»-от-25.01.2019г.-№5-а.pdf,
ОТСУТСТВУЕТ ЛОКАЛЬНО,ZIP,372 КБ,380963,docs/dokumenty/Положение-о-дежурной-группе-Приложение-№-36-к-приказу-ГБПОУ-РО-«СИТ»-от-25.01.2019г.-№5-а.zip,
ОТСУТСТВУЕТ ЛОКАЛЬНО,PDF,441 КБ,452491,docs/dokumenty/Положение-о-дополнительных-платных-услугах.pdf,
ОТСУТСТВУЕТ ЛОКАЛЬНО,ZIP,423 КБ,434038,docs/dokumenty/Положение-о-дополнительных-платных-услугах.zip,
ОТСУТСТВУЕТ ЛОКАЛЬНО,PDF,247 КБ,253385,docs/dokumenty/Положение-о-комиссии-по-вопросам-перевода.pdf,
ОТСУТСТВУЕТ ЛОКАЛЬНО,ZIP,386 КБ,396040,docs/dokumenty/Положение-о-комиссии-по-вопросам-перевода.zip,
ОТСУТСТВУЕТ ЛОКАЛЬНО,PDF,213 КБ,218288,docs/dokumenty/Положение-о-лаб.-и-практич.-занятиях-2023.pdf,
ОТСУТСТВУЕТ ЛОКАЛЬНО,ZIP,784 КБ,803703,docs/dokumenty/Положение-о-лаб.-и-практич.-занятиях-2023.zip,
ОТСУТСТВУЕТ ЛОКАЛЬНО,PDF,264 КБ,270525,docs/dokumenty/Положение-о-мастере-ПО-2023.pdf,
ОТСУТСТВУЕТ ЛОКАЛЬНО,ZIP,884 КБ,905758,docs/dokumenty/Положение-о-мастере-ПО-2023.zip,
ОТСУТСТВУЕТ ЛОКАЛЬНО,PDF,199 КБ,204646,docs/dokumenty/Положение-о-мастерской-по-компетенции-Промышленная-автоматика-2023.pdf,
ОТСУТСТВУЕТ ЛОКАЛЬНО,ZIP,275 КБ,282234,docs/dokumenty/Положение-о-мастерской-по-компетенции-Промышленная-автоматика-2023.zip,
ОТСУТСТВУЕТ ЛОКАЛЬНО,PDF,204 КБ,209165,docs/dokumenty/Положение-о-мастерской-по-компетенции-Сварочные-технологии-2023.pdf,
ОТСУТСТВУЕТ ЛОКАЛЬНО,ZIP,279 КБ,286520,docs/dokumenty/Положение-о-мастерской-по-компетенции-Сварочные-технологии-2023.zip,
ОТСУТСТВУЕТ ЛОКАЛЬНО,PDF,276 КБ,283248,docs/dokumenty/Положение-о-методической-работе-2023.pdf,
ОТСУТСТВУЕТ ЛОКАЛЬНО,ZIP,908 КБ,930376,docs/dokumenty/Положение-о-методической-работе-2023.zip,
ОТСУТСТВУЕТ ЛОКАЛЬНО,PDF,197 КБ,202115,docs/dokumenty/Положение-о-переходе-с-платного-обучения-на-бесплатное.pdf,
ОТСУТСТВУЕТ ЛОКАЛЬНО,ZIP,526 КБ,539270,docs/dokumenty/Положение-о-переходе-с-платного-обучения-на-бесплатное.zip,
ОТСУТСТВУЕТ ЛОКАЛЬНО,PDF,381 КБ,390629,docs/dokumenty/Положение-о-подготовительных-курсах-детям-сиротам.pdf,
ОТСУТСТВУЕТ ЛОКАЛЬНО,ZIP,363 КБ,371908,docs/dokumenty/Положение-о-подготовительных-курсах-детям-сиротам.zip,
ОТСУТСТВУЕТ ЛОКАЛЬНО,PDF,543 КБ,556221,docs/dokumenty/Положение-о-портфолио-достижений-обучающихся-Приложение-№-31-к-приказу-ГБПОУ-РО-«СИТ»-от-25.01.2019г.-№5-а.pdf,
ОТСУТСТВУЕТ ЛОКАЛЬНО,ZIP,621 КБ,635980,docs/dokumenty/Положение-о-портфолио-достижений-обучающихся-Приложение-№-31-к-приказу-ГБПОУ-РО-«СИТ»-от-25.01.2019г.-№5-а.zip,
ОТСУТСТВУЕТ ЛОКАЛЬНО,PDF,395 КБ,404927,docs/dokumenty/Положение-о-порядке-зачисления-на-полное-гос.-обеспечение.pdf,
ОТСУТСТВУЕТ ЛОКАЛЬНО,ZIP,377 КБ,386138,docs/dokumenty/Положение-о-порядке-зачисления-на-полное-гос.-обеспечение.zip,
ОТСУТСТВУЕТ ЛОКАЛЬНО,PDF,165 КБ,169842,docs/dokumenty/Положение-о-порядке-и-условиях-отчисления-восстановления-и-перевода-2023.pdf,
ОТСУТСТВУЕТ ЛОКАЛЬНО,ZIP,242 КБ,248061,docs/dokumenty/Положение-о-порядке-и-условиях-отчисления-восстановления-и-перевода-2023.zip,
ОТСУТСТВУЕТ ЛОКАЛЬНО,PDF,279 КБ,286390,docs/dokumenty/Положение-о-порядке-мобильной-связи-2024.pdf,
ОТСУТСТВУЕТ ЛОКАЛЬНО,ZIP,280 КБ,287190,docs/dokumenty/Положение-о-порядке-мобильной-связи-2024.zip,
ОТСУТСТВУЕТ ЛОКАЛЬНО,PDF,426 КБ,436562,docs/dokumenty/Положение-о-порядке-оплаты-за-проживание-в-студ.общежитии.pdf,
ОТСУТСТВУЕТ ЛОКАЛЬНО,ZIP,408 КБ,418644,docs/dokumenty/Положение-о-порядке-оплаты-за-проживание-в-студ.общежитии.zip,
ОТСУТСТВУЕТ ЛОКАЛЬНО,PDF,419 КБ,429926,docs/dokumenty/Положение-о-порядке-предоставления-платных-услуг-и-расходовании-средств.pdf,
ОТСУТСТВУЕТ ЛОКАЛЬНО,ZIP,402 КБ,411785,docs/dokumenty/Положение-о-порядке-предоставления-платных-услуг-и-расходовании-средств.zip,
ОТСУТСТВУЕТ ЛОКАЛЬНО,DOC,57 КБ,58368,docs/dokumenty/Положение-о-приемной-комиссии-ГБПОУ-РО-СИТ-на-2026-2027-учебный-год-2026.doc,
ОТСУТСТВУЕТ ЛОКАЛЬНО,ZIP,31 КБ,32378,docs/dokumenty/Положение-о-приемной-комиссии-ГБПОУ-РО-СИТ-на-2026-2027-учебный-год-2026.zip,
ОТСУТСТВУЕТ ЛОКАЛЬНО,PDF,131 КБ,134985,docs/dokumenty/Положение-о-расписании-учебных-занятий-2023.pdf,
ОТСУТСТВУЕТ ЛОКАЛЬНО,ZIP,627 КБ,642128,docs/dokumenty/Положение-о-расписании-учебных-занятий-2023.zip,
ОТСУТСТВУЕТ ЛОКАЛЬНО,PDF,190 КБ,195028,docs/dokumenty/Положение-о-режиме-занятий-2023.pdf,
ОТСУТСТВУЕТ ЛОКАЛЬНО,ZIP,744 КБ,762420,docs/dokumenty/Положение-о-режиме-занятий-2023.zip,
ОТСУТСТВУЕТ ЛОКАЛЬНО,DOCX,111 КБ,114290,docs/dokumenty/Положение-о-студенческом-общежитии-Приложение-№-1-к-приказу-ГБПОУ-РО-СИТ-от-05.12.2025-№124.docx,
ОТСУТСТВУЕТ ЛОКАЛЬНО,PDF,2 МБ,2747121,docs/dokumenty/Положение-о-студенческом-совете-ГБПОУ-РО-СИТ-2024.pdf,
ОТСУТСТВУЕТ ЛОКАЛЬНО,ZIP,2 МБ,2638429,docs/dokumenty/Положение-о-студенческом-совете-ГБПОУ-РО-СИТ-2024.zip,
ОТСУТСТВУЕТ ЛОКАЛЬНО,PDF,289 КБ,296272,docs/dokumenty/Положение-о-физкультурной-и-спортивно-массовой-работе-в-техникуме-Приложение-№-42-к-приказу-ГБПОУ-РО-«СИТ»-от-25.01.2019г.-№5-а.pdf,
ОТСУТСТВУЕТ ЛОКАЛЬНО,ZIP,391 КБ,400678,docs/dokumenty/Положение-о-физкультурной-и-спортивно-массовой-работе-в-техникуме-Приложение-№-42-к-приказу-ГБПОУ-РО-«СИТ»-от-25.01.2019г.-№5-а.zip,
ОТСУТСТВУЕТ ЛОКАЛЬНО,PDF,393 КБ,403185,docs/dokumenty/Положение-о-формах-периодичности-и-порядке-текущего-контроля-успеваемости-и-промежуточной-аттестации-обучающихся-2023.pdf,
ОТСУТСТВУЕТ ЛОКАЛЬНО,ZIP,463 КБ,474186,docs/dokumenty/Положение-о-формах-периодичности-и-порядке-текущего-контроля-успеваемости-и-промежуточной-аттестации-обучающихся-2023.zip,
ОТСУТСТВУЕТ ЛОКАЛЬНО,PDF,253 КБ,259123,docs/dokumenty/Положение-об-УМК-2023.pdf,
ОТСУТСТВУЕТ ЛОКАЛЬНО,ZIP,864 КБ,885590,docs/dokumenty/Положение-об-УМК-2023.zip,
ОТСУТСТВУЕТ ЛОКАЛЬНО,PDF,307 КБ,314865,docs/dokumenty/Положение-об-обучении-по-индивид.-учебному-плану-и-ускоренном-обучении-Приложение-№33-к-приказу-ГБПОУ-РО-«СИТ»-от-25.01.2019г.-№5а.pdf,
ОТСУТСТВУЕТ ЛОКАЛЬНО,ZIP,409 КБ,419250,docs/dokumenty/Положение-об-обучении-по-индивид.-учебному-плану-и-ускоренном-обучении-Приложение-№33-к-приказу-ГБПОУ-РО-«СИТ»-от-25.01.2019г.-№5а.zip,
ОТСУТСТВУЕТ ЛОКАЛЬНО,PDF,944 КБ,967649,docs/dokumenty/Положение-об-оплате-труда-Работников-ГБПОУ-РО-СИТ-2022-год-1.pdf,
ОТСУТСТВУЕТ ЛОКАЛЬНО,ZIP,805 КБ,824625,docs/dokumenty/Положение-об-оплате-труда-Работников-ГБПОУ-РО-СИТ-2022-год.zip,
ОТСУТСТВУЕТ ЛОКАЛЬНО,PDF,332 КБ,340241,docs/dokumenty/Положение-об-орган.-вып.-индив-проекта-2023.pdf,
ОТСУТСТВУЕТ ЛОКАЛЬНО,ZIP,1014 КБ,1039112,docs/dokumenty/Положение-об-орган.-вып.-индив-проекта-2023.zip,
ОТСУТСТВУЕТ ЛОКАЛЬНО,PDF,363 КБ,372641,docs/dokumenty/Положение-об-организации-...-технологий-2020.pdf,
ОТСУТСТВУЕТ ЛОКАЛЬНО,ZIP,461 КБ,472984,docs/dokumenty/Положение-об-организации-...-технологий-2020.zip,
ОТСУТСТВУЕТ ЛОКАЛЬНО,PDF,299 КБ,306384,docs/dokumenty/Положение-об-организации-выполнения-дипломного-проекта-2023.pdf,
ОТСУТСТВУЕТ ЛОКАЛЬНО,ZIP,952 КБ,974958,docs/dokumenty/Положение-об-организации-выполнения-дипломного-проекта-2023.zip,
ОТСУТСТВУЕТ ЛОКАЛЬНО,PDF,198 КБ,203114,docs/dokumenty/Положение-об-организации-выполнения-и-защиты-курсовых-работ-проектов-2023.pdf,
ОТСУТСТВУЕТ ЛОКАЛЬНО,ZIP,754 КБ,772490,docs/dokumenty/Положение-об-организации-выполнения-и-защиты-курсовых-работ-проектов-2023.zip,
ОТСУТСТВУЕТ ЛОКАЛЬНО,PDF,891 КБ,913182,docs/dokumenty/Положение-об-организации-и-проведении-ДЭ.pdf,
ОТСУТСТВУЕТ ЛОКАЛЬНО,ZIP,843 КБ,864013,docs/dokumenty/Положение-об-организации-и-проведении-ДЭ.zip,
ОТСУТСТВУЕТ ЛОКАЛЬНО,PDF,21 МБ,22819427,docs/dokumenty/Положение-об-организации-и-проведении-практической-подготовки-обучающихся-Приложение-к-Приказу-№112-от-13.11.25.pdf,
ОТСУТСТВУЕТ ЛОКАЛЬНО,PDF,426 КБ,437153,docs/dokumenty/Положение-об-организации-образовательной-деятельности-инвалидов-и-лиц-с-ОВЗ-Приложение-№-22-к-приказу-ГБПОУ-РО-«СИТ»-от-25.01.2019г.-№-5-а.pdf,
ОТСУТСТВУЕТ ЛОКАЛЬНО,ZIP,524 КБ,537213,docs/dokumenty/Положение-об-организации-образовательной-деятельности-инвалидов-и-лиц-с-ОВЗ-Приложение-№-22-к-приказу-ГБПОУ-РО-«СИТ»-от-25.01.2019г.-№-5-а.zip,
ОТСУТСТВУЕТ ЛОКАЛЬНО,PDF,397 КБ,407413,docs/dokumenty/Положение-об-организации-питания-обучающихся-Приложение-№8-к-Приказу-ГБПОУ-РО-«СИТ»-от-№25.01.2019-№5-а.pdf,
ОТСУТСТВУЕТ ЛОКАЛЬНО,ZIP,492 КБ,504544,docs/dokumenty/Положение-об-организации-питания-обучающихся-Приложение-№8-к-Приказу-ГБПОУ-РО-«СИТ»-от-№25.01.2019-№5-а.zip,
ОТСУТСТВУЕТ ЛОКАЛЬНО,PDF,302 КБ,309560,docs/dokumenty/Положение-об-организации-уч.-иссл.-работы-2023.pdf,
ОТСУТСТВУЕТ ЛОКАЛЬНО,ZIP,958 КБ,981838,docs/dokumenty/Положение-об-организации-уч.-иссл.-работы-2023.zip,
ОТСУТСТВУЕТ ЛОКАЛЬНО,PDF,128 КБ,131616,docs/dokumenty/Положение-об-отделении-ПКРС-2023.pdf,
ОТСУТСТВУЕТ ЛОКАЛЬНО,ZIP,622 КБ,636951,docs/dokumenty/Положение-об-отделении-ПКРС-2023.zip,
ОТСУТСТВУЕТ ЛОКАЛЬНО,PDF,197 КБ,202700,docs/dokumenty/Положение-об-отделении-ПССЗ-2023.pdf,
ОТСУТСТВУЕТ ЛОКАЛЬНО,ZIP,756 КБ,774336,docs/dokumenty/Положение-об-отделении-ПССЗ-2023.zip,
ОТСУТСТВУЕТ ЛОКАЛЬНО,PDF,325 КБ,333619,docs/dokumenty/Положение-об-уполномоченном-по-правам-ребенка-в-техникуме-Приложение-№37-к-приказу-ГБПОУ-РО-«СИТ»-от-25.01.2019г.-№5а.pdf,
ОТСУТСТВУЕТ ЛОКАЛЬНО,ZIP,422 КБ,433150,docs/dokumenty/Положение-об-уполномоченном-по-правам-ребенка-в-техникуме-Приложение-№37-к-приказу-ГБПОУ-РО-«СИТ»-от-25.01.2019г.-№5а.zip,
ОТСУТСТВУЕТ ЛОКАЛЬНО,PDF,210 КБ,215795,docs/dokumenty/Положение-об-учебной-части-2023.pdf,
ОТСУТСТВУЕТ ЛОКАЛЬНО,ZIP,781 КБ,800142,docs/dokumenty/Положение-об-учебной-части-2023.zip,
ОТСУТСТВУЕТ ЛОКАЛЬНО,PDF,200 КБ,204979,docs/dokumenty/Положение-об-экзамене-квалификационном-2023.pdf,
ОТСУТСТВУЕТ ЛОКАЛЬНО,ZIP,760 КБ,779044,docs/dokumenty/Положение-об-экзамене-квалификационном-2023.zip,
ОТСУТСТВУЕТ ЛОКАЛЬНО,PDF,413 КБ,423379,docs/dokumenty/Положение-по-выпуску-детей-сирот.pdf,
ОТСУТСТВУЕТ ЛОКАЛЬНО,ZIP,386 КБ,396020,docs/dokumenty/Положение-по-выпуску-детей-сирот.zip,
ОТСУТСТВУЕТ ЛОКАЛЬНО,PDF,361 КБ,370098,docs/dokumenty/Положение-по-денежным-выплатам-детям-сиротам.pdf,
ОТСУТСТВУЕТ ЛОКАЛЬНО,ZIP,342 КБ,350640,docs/dokumenty/Положение-по-денежным-выплатам-детям-сиротам.zip,
ОТСУТСТВУЕТ ЛОКАЛЬНО,PDF,203 КБ,208497,docs/dokumenty/Положение-по-планированию-и-организации-самост.-работы-2023.pdf,
ОТСУТСТВУЕТ ЛОКАЛЬНО,ZIP,762 КБ,780508,docs/dokumenty/Положение-по-планированию-и-организации-самост.-работы-2023.zip,
ОТСУТСТВУЕТ ЛОКАЛЬНО,PDF,143 КБ,147207,docs/dokumenty/Порядок-использования-объектов-спорта-2021.pdf,
ОТСУТСТВУЕТ ЛОКАЛЬНО,PDF,282 КБ,289715,docs/dokumenty/Порядок-перезачета.pdf,
ОТСУТСТВУЕТ ЛОКАЛЬНО,ZIP,421 КБ,431856,docs/dokumenty/Порядок-перезачета.zip,
ОТСУТСТВУЕТ ЛОКАЛЬНО,PDF,568 КБ,582119,docs/dokumenty/Порядок-разработки-и-утверждения-ОПОП.pdf,
ОТСУТСТВУЕТ ЛОКАЛЬНО,ZIP,695 КБ,711845,docs/dokumenty/Порядок-разработки-и-утверждения-ОПОП.zip,
ОТСУТСТВУЕТ ЛОКАЛЬНО,PDF,145 КБ,148974,docs/dokumenty/Правила-внутреннего-распорядка-для-обучающихся-2023.pdf,
ОТСУТСТВУЕТ ЛОКАЛЬНО,ZIP,656 КБ,672308,docs/dokumenty/Правила-внутреннего-распорядка-для-обучающихся-2023.zip,
ОТСУТСТВУЕТ ЛОКАЛЬНО,PDF,700 КБ,717180,docs/dokumenty/Правила-внутреннего-трудового-распорядка-Приложение-1-к-приказу-ГБПОУ-РО-«СИТ»-от-11.01.2024-№6.pdf,
ОТСУТСТВУЕТ ЛОКАЛЬНО,ZIP,704 КБ,720951,docs/dokumenty/Правила-внутреннего-трудового-распорядка-Приложение-1-к-приказу-ГБПОУ-РО-«СИТ»-от-11.01.2024-№6.zip,
ОТСУТСТВУЕТ ЛОКАЛЬНО,PDF,223 КБ,229109,docs/dokumenty/Правила-приема-2026-2027г.2.pdf,
ОТСУТСТВУЕТ ЛОКАЛЬНО,DOC,88 КБ,90624,docs/dokumenty/Правила-проживания-в-студенческом-общежитии-Приложение-№2-к-приказу-ГБПОУ-РО-СИТ-от-05.12.2025-№124.doc,
ОТСУТСТВУЕТ ЛОКАЛЬНО,PDF,28 КБ,29249,docs/dokumenty/Приказ-106-от-26.09.2024-Об-утверждении-локально-нормативных-актов-2024.pdf,
ОТСУТСТВУЕТ ЛОКАЛЬНО,ZIP,101 КБ,103645,docs/dokumenty/Приказ-106-от-26.09.2024-Об-утверждении-локально-нормативных-актов-2024.zip,
ОТСУТСТВУЕТ ЛОКАЛЬНО,PDF,604 КБ,619015,docs/dokumenty/Приказ-107а-и-Приложение-Об-использовании-СДО-Moodle-2025.pdf,
ОТСУТСТВУЕТ ЛОКАЛЬНО,DOCX,39 КБ,40247,docs/dokumenty/Приказ-457.docx,
ОТСУТСТВУЕТ ЛОКАЛЬНО,PDF,35 КБ,36045,docs/dokumenty/Приказ-49-от-03.05.2023.pdf,
ОТСУТСТВУЕТ ЛОКАЛЬНО,ZIP,79 КБ,81473,docs/dokumenty/Приказ-49-от-03.05.2023.zip,
ОТСУТСТВУЕТ ЛОКАЛЬНО,PDF,648 КБ,664189,docs/dokumenty/Приказ-79-о-внесении-изменений-в-уставы-2025.pdf,
ОТСУТСТВУЕТ ЛОКАЛЬНО,PDF,282 КБ,289660,docs/dokumenty/Приказ-79-фрагмент-2025.pdf,
ОТСУТСТВУЕТ ЛОКАЛЬНО,PDF,1 МБ,2031926,docs/dokumenty/Приказ-88-от-29.08.2025-Об-утверждении-локальных-актов-регламентирующих-деятельность-по-учебной-работе-в-техникуме.pdf,
ОТСУТСТВУЕТ ЛОКАЛЬНО,PDF,64 КБ,65667,docs/dokumenty/Приказ-на-утверждение-Правил-приема-2026-2027.pdf,
ОТСУТСТВУЕТ ЛОКАЛЬНО,PDF,40 КБ,41650,docs/dokumenty/Приказ-на-утверждение-новых-Правил-внутреннего-трудового-распорядка-2023.pdf,
ОТСУТСТВУЕТ ЛОКАЛЬНО,ZIP,86 КБ,88577,docs/dokumenty/Приказ-на-утверждение-новых-Правил-внутреннего-трудового-распорядка-2023.zip,
ОТСУТСТВУЕТ ЛОКАЛЬНО,PDF,741 КБ,759713,docs/dokumenty/Приказ-от-18.01.2024-приказ_о-включении-результатов-анкетирования-в-отчет-о-самообследовании-за-2021.pdf,
ОТСУТСТВУЕТ ЛОКАЛЬНО,ZIP,724 КБ,741793,docs/dokumenty/Приказ-от-18.01.2024-приказ_о-включении-результатов-анкетирования-в-отчет-о-самообследовании-за-2021.zip,
ОТСУТСТВУЕТ ЛОКАЛЬНО,PDF,740 КБ,758315,docs/dokumenty/Приказ-от-18.01.2024-приказ_о-включении-результатов-анкетирования-в-отчет-о-самообследования-за-2022.pdf,
ОТСУТСТВУЕТ ЛОКАЛЬНО,ZIP,723 КБ,741102,docs/dokumenty/Приказ-от-18.01.2024-приказ_о-включении-результатов-анкетирования-в-отчет-о-самообследования-за-2022.zip,
ОТСУТСТВУЕТ ЛОКАЛЬНО,PDF,894 КБ,915638,docs/dokumenty/Приказ-от-23.01.2026-приказ_о-проведении-самообследования-анкетирования.pdf,
ОТСУТСТВУЕТ ЛОКАЛЬНО,ZIP,825 КБ,845501,docs/dokumenty/Приказ-от-23.01.2026-приказ_о-проведении-самообследования-анкетирования.zip,
ОТСУТСТВУЕТ ЛОКАЛЬНО,PDF,178 КБ,182709,docs/dokumenty/Приказ-от-30.08.2024-№92-а.pdf,
ОТСУТСТВУЕТ ЛОКАЛЬНО,PDF,37 КБ,37894,docs/dokumenty/Приказ-по-проф.этике.pdf,
ОТСУТСТВУЕТ ЛОКАЛЬНО,PDF,177 КБ,181802,docs/dokumenty/Приказ-№-100-а.pdf,
ОТСУТСТВУЕТ ЛОКАЛЬНО,PDF,2 МБ,2459838,docs/dokumenty/Приказ-№-2-от-10.01.2022-Изменения-в-положения-по-детям-сиротам-2022.pdf,
ОТСУТСТВУЕТ ЛОКАЛЬНО,PDF,280 КБ,287058,docs/dokumenty/Приказ-№106-Об-утверждении-положения-о-Совете-техникума-26.09.2024.pdf,
ОТСУТСТВУЕТ ЛОКАЛЬНО,PDF,4 МБ,5186447,docs/dokumenty/Приказ-№107-Об-утверждении-локально-нормативных-актов-28.10.25.pdf,
ОТСУТСТВУЕТ ЛОКАЛЬНО,PDF,346 КБ,354656,docs/dokumenty/Приказ-№109-О-внесении-изменений-в-положение-об-организации-питания-обучающихся-ГБПОУ-РО-СИТ-01.12.23.pdf,
ОТСУТСТВУЕТ ЛОКАЛЬНО,ZIP,377 КБ,386696,docs/dokumenty/Приказ-№109-О-внесении-изменений-в-положение-об-организации-питания-обучающихся-ГБПОУ-РО-СИТ-01.12.23.zip,
ОТСУТСТВУЕТ ЛОКАЛЬНО,PDF,7 МБ,7411374,docs/dokumenty/Приказ-№119-Об-утверждении-локально-нормативных-актов-регулирующих-вопросы-проживания-в-общежитии-ГБПОУ-РО-СИТ-04.12.2025.pdf,
ОТСУТСТВУЕТ ЛОКАЛЬНО,ZIP,6 МБ,6630889,docs/dokumenty/Приказ-№119-Об-утверждении-локально-нормативных-актов-регулирующих-вопросы-проживания-в-общежитии-ГБПОУ-РО-СИТ-04.12.2025.zip,
ОТСУТСТВУЕТ ЛОКАЛЬНО,PDF,687 КБ,703917,docs/dokumenty/Приказ-№131-Об-утверждении-локальных-нормативных-актов-30.12.2022.pdf,
ОТСУТСТВУЕТ ЛОКАЛЬНО,PDF,39 КБ,40009,docs/dokumenty/Приказ-№131-Об-утверждении-локальных-нормативных-актов-30.12.22.pdf,
ОТСУТСТВУЕТ ЛОКАЛЬНО,ZIP,112 КБ,114790,docs/dokumenty/Приказ-№131-Об-утверждении-локальных-нормативных-актов-30.12.22.zip,
ОТСУТСТВУЕТ ЛОКАЛЬНО,PDF,35 КБ,36717,docs/dokumenty/Приказ-№150-Об-утверждении-положения-об-Общем-собрании-работников-и-обучающихся-техникума-24.12.2024.pdf,
ОТСУТСТВУЕТ ЛОКАЛЬНО,ZIP,82 КБ,84018,docs/dokumenty/Приказ-№150-Об-утверждении-положения-об-Общем-собрании-работников-и-обучающихся-техникума-24.12.2024.zip,
ОТСУТСТВУЕТ ЛОКАЛЬНО,ZIP,123 КБ,126038,docs/dokumenty/Приказ-№20-от-16.02.2026-Об-утверждении-Правил-приема-на-обучение-по-образовательным-программамм-СПО-в-ГБПОУ-РО-СИТ-на-2026-27-уч.год.zip,
ОТСУТСТВУЕТ ЛОКАЛЬНО,PDF,40 КБ,41788,docs/dokumenty/Приказ-№22-Об-утверждении-Положения-о-приемной-комиссии-12.02.2025.pdf,
ОТСУТСТВУЕТ ЛОКАЛЬНО,ZIP,112 КБ,115644,docs/dokumenty/Приказ-№22-Об-утверждении-Положения-о-приемной-комиссии-12.02.2025.zip,
ОТСУТСТВУЕТ ЛОКАЛЬНО,PDF,46 КБ,48032,docs/dokumenty/Приказ-№24-от-25.02.2026-Об-утверждении-Положения-о-приемной-комиссии-2026.pdf,
ОТСУТСТВУЕТ ЛОКАЛЬНО,ZIP,87 КБ,89185,docs/dokumenty/Приказ-№24-от-25.02.2026-Об-утверждении-Положения-о-приемной-комиссии-2026.zip,
ОТСУТСТВУЕТ ЛОКАЛЬНО,PDF,5 МБ,5505025,docs/dokumenty/Приказ-№55-О-внедрении-ИКОП-Сферум-и-приложение-26.05.2023.pdf,
ОТСУТСТВУЕТ ЛОКАЛЬНО,ZIP,5 МБ,5535145,docs/dokumenty/Приказ-№55-О-внедрении-ИКОП-Сферум-и-приложение-26.05.2023.zip,
ОТСУТСТВУЕТ ЛОКАЛЬНО,PDF,40 КБ,40972,docs/dokumenty/Приказ-№6-от-11.01.2024-Об-утверждении-в-новой-редакции-Правил-внутреннего-трудового-распорядка-ГБПОУ-РО-СИТ.pdf,
ОТСУТСТВУЕТ ЛОКАЛЬНО,ZIP,87 КБ,89655,docs/dokumenty/Приказ-№6-от-11.01.2024-Об-утверждении-в-новой-редакции-Правил-внутреннего-трудового-распорядка-ГБПОУ-РО-СИТ.zip,
ОТСУТСТВУЕТ ЛОКАЛЬНО,PDF,591 КБ,605423,docs/dokumenty/Приказ-№80-от-28.08.2025-Об-утверждении-локальных-актов-регламентирующих-деятельность-по-воспитательной-работе.pdf,
ОТСУТСТВУЕТ ЛОКАЛЬНО,PDF,944 КБ,967649,docs/dokumenty/Приложение-1-Положение-по-оплате-труда.pdf,
ОТСУТСТВУЕТ ЛОКАЛЬНО,ZIP,1 МБ,1867357,docs/dokumenty/Приложение-1-Положение-по-оплате-труда.zip,
ОТСУТСТВУЕТ ЛОКАЛЬНО,PDF,7 МБ,7411374,docs/dokumenty/Приложение-2-Правила-проживания-в-студенческом-общежитии.pdf,
ОТСУТСТВУЕТ ЛОКАЛЬНО,PDF,229 КБ,234552,docs/dokumenty/Приложение-2-к-Приказу-№80-от-28.08.2025-Положение-о-руководителе-учебной-группы-техникума.pdf,
ОТСУТСТВУЕТ ЛОКАЛЬНО,PDF,155 КБ,159647,docs/dokumenty/Приложение-2-к-Приказу-№88-Положение-о-порядке-применении-к-обучающимся-техникума-мер-дисциплинарного-взыскания-28.08.2025.pdf,
ОТСУТСТВУЕТ ЛОКАЛЬНО,PDF,204 КБ,209513,docs/dokumenty/Приложение-2.pdf,
ОТСУТСТВУЕТ ЛОКАЛЬНО,ZIP,297 КБ,304898,docs/dokumenty/Приложение-2.zip,
ОТСУТСТВУЕТ ЛОКАЛЬНО,PDF,2 МБ,2493079,docs/dokumenty/Приложение-3-Приложение-№3-Положение-о-комиссии-по-вселению-в-студенческое-общежитие.pdf,
ОТСУТСТВУЕТ ЛОКАЛЬНО,PDF,163 КБ,167826,docs/dokumenty/Приложение-3.pdf,
ОТСУТСТВУЕТ ЛОКАЛЬНО,ZIP,265 КБ,271540,docs/dokumenty/Приложение-3.zip,
ОТСУТСТВУЕТ ЛОКАЛЬНО,PDF,5 МБ,5926853,docs/dokumenty/Приложение-4-Положение-о-порядке-оплаты-за-проживание-в-студенческом-общежитии-ГБПОУ-РО-СИТ.pdf,
ОТСУТСТВУЕТ ЛОКАЛЬНО,PDF,166 КБ,170398,docs/dokumenty/Приложение-к-Приказу-№-100-а.pdf,
ОТСУТСТВУЕТ ЛОКАЛЬНО,PDF,1 МБ,1859181,docs/dokumenty/Приложение-к-приказу-№106-Положение-о-Совете-техникума-26.09.2024.pdf,
ОТСУТСТВУЕТ ЛОКАЛЬНО,PDF,57 КБ,59068,docs/dokumenty/Приложение-к-приказу-№150-Положение-об-Общем-собрании-работников-и-обучающихся-техникума-24.12.2024.pdf,
ОТСУТСТВУЕТ ЛОКАЛЬНО,ZIP,99 КБ,102165,docs/dokumenty/Приложение-к-приказу-№150-Положение-об-Общем-собрании-работников-и-обучающихся-техникума-24.12.2024.zip,
ОТСУТСТВУЕТ ЛОКАЛЬНО,PDF,298 КБ,306001,docs/dokumenty/Приложение-№-17-к-приказу-ГБПОУ-РО-«СИТ»-от-25.01.2019г.-№5-а.pdf,
ОТСУТСТВУЕТ ЛОКАЛЬНО,ZIP,401 КБ,411202,docs/dokumenty/Приложение-№-17-к-приказу-ГБПОУ-РО-«СИТ»-от-25.01.2019г.-№5-а.zip,
ОТСУТСТВУЕТ ЛОКАЛЬНО,PDF,288 КБ,295894,docs/dokumenty/Приложение-№-39-к-приказу-ГБПОУ-РО-«СИТ»-от-25.01.2019г.-№5-а.pdf,
ОТСУТСТВУЕТ ЛОКАЛЬНО,ZIP,393 КБ,402784,docs/dokumenty/Приложение-№-39-к-приказу-ГБПОУ-РО-«СИТ»-от-25.01.2019г.-№5-а.zip,
ОТСУТСТВУЕТ ЛОКАЛЬНО,ZIP,461 КБ,472210,docs/dokumenty/Приложение-№1-к-Приказу-№-131-Положение-об-организации-питания-обучающихся-ГБПОУ-РО-СИТ-30.12.22.zip,
ОТСУТСТВУЕТ ЛОКАЛЬНО,ZIP,72 КБ,73766,docs/dokumenty/Приложение-№1-к-приказу-ГБПОУ-РО-СИТ-от-16.02.2026-№20.zip,
ОТСУТСТВУЕТ ЛОКАЛЬНО,PDF,12 МБ,12652364,docs/dokumenty/Приложение-№1-к-приказу-ГБПОУ-РО-СИТ-от-30.08.2024-г.-№-92-а.pdf,
ОТСУТСТВУЕТ ЛОКАЛЬНО,PDF,1 МБ,1709991,docs/dokumenty/Приложение-№1-к-приказу-от-28.08.2025-№80-Положение-о-мерах-поощрения-студентов-ГБПОУ-РО-СИТ.pdf,
ОТСУТСТВУЕТ ЛОКАЛЬНО,PDF,1 МБ,2081638,docs/dokumenty/Приложение-№1-к-приказу-от-29.08.2025-№88-Положение-о-порядке-предоставления-академического-отпуска-обучающимся-техникума.pdf,
ОТСУТСТВУЕТ ЛОКАЛЬНО,ZIP,455 КБ,466505,docs/dokumenty/Приложение-№2-к-Приказу-ГБПОУ-РО-СИТ-№-131-Положение-о-столовой-30.12.22.zip,
ОТСУТСТВУЕТ ЛОКАЛЬНО,PDF,4 МБ,4623673,docs/dokumenty/Приложение-№2-к-Приказу-№131-от-30.12.2022-Положение-о-столовой.pdf,
ОТСУТСТВУЕТ ЛОКАЛЬНО,ZIP,31 КБ,32446,docs/dokumenty/Приложение-№2-к-приказу-ГБПОУ-РО-СИТ-от-16.02.2026-№20.zip,
ОТСУТСТВУЕТ ЛОКАЛЬНО,PDF,4 МБ,4791723,docs/dokumenty/Приложение-№2-к-приказу-ГБПОУ-РО-СИТ-от-30.08.2024-г.-№-92-а.pdf,
ОТСУТСТВУЕТ ЛОКАЛЬНО,PDF,648 КБ,663831,docs/dokumenty/Приложение-№3-к-Приказу-№131-от-30.12.2022-Ведомость-посещения-студентами-производственной-практики.pdf,
ОТСУТСТВУЕТ ЛОКАЛЬНО,PDF,1 МБ,1377217,docs/dokumenty/Приложение-№3-к-приказу-от-29.08.2025-№88-Правила-внутреннего-распорядка-для-обучающихся-техникума.pdf,
ОТСУТСТВУЕТ ЛОКАЛЬНО,PDF,322 КБ,330368,docs/dokumenty/Приложение-№4-к-Приказу-№131-от-30.12.2022-Справка-организации.pdf,
ОТСУТСТВУЕТ ЛОКАЛЬНО,ZIP,6 МБ,6630667,docs/dokumenty/Приложение2.zip,
ОТСУТСТВУЕТ ЛОКАЛЬНО,ZIP,2 МБ,2182393,docs/dokumenty/Приложение3.zip,
ОТСУТСТВУЕТ ЛОКАЛЬНО,ZIP,2 МБ,2182393,docs/dokumenty/Приложение4.zip,
ОТСУТСТВУЕТ ЛОКАЛЬНО,PDF,7 МБ,7497635,docs/dokumenty/Программа-воспитания-на-2022-23-уч.год.pdf,
ОТСУТСТВУЕТ ЛОКАЛЬНО,ZIP,7 МБ,7484177,docs/dokumenty/Программа-воспитания-на-2022-23-уч.год.zip,
ОТСУТСТВУЕТ ЛОКАЛЬНО,PDF,2 МБ,2788516,docs/dokumenty/Программа-развития-ГБПОУ-РО-СИТ-на-2021-2024-уч.год.pdf,
ОТСУТСТВУЕТ ЛОКАЛЬНО,PDF,1 МБ,1280419,docs/dokumenty/Программа_деятельности-ГБПОУ-РО-СИТ-на-2021-2024-учебный-год-2020.pdf,
ОТСУТСТВУЕТ ЛОКАЛЬНО,ZIP,4 МБ,4266354,docs/dokumenty/Рабочая-программа-воспитания-2021-с-эл.подписью.zip,
ОТСУТСТВУЕТ ЛОКАЛЬНО,PDF,4 МБ,4293284,docs/dokumenty/Рабочая-программа-воспитания-2021.pdf,
ОТСУТСТВУЕТ ЛОКАЛЬНО,PDF,1 МБ,1089854,docs/dokumenty/Рабочая-программа-воспитания-для-профессии-09.02.01-Компьютерные-системы-и-комплексы-2024.pdf,
ОТСУТСТВУЕТ ЛОКАЛЬНО,ZIP,719 КБ,737055,docs/dokumenty/Рабочая-программа-воспитания-для-профессии-09.02.01-Компьютерные-системы-и-комплексы-2024.zip,
ОТСУТСТВУЕТ ЛОКАЛЬНО,PDF,1 МБ,1131930,docs/dokumenty/Рабочая-программа-воспитания-для-профессии-15.01.05-Сварщик-ручной-и-частично-механизированной-сварки-наплавки-2024.pdf,
ОТСУТСТВУЕТ ЛОКАЛЬНО,ZIP,769 КБ,787646,docs/dokumenty/Рабочая-программа-воспитания-для-профессии-15.01.05-Сварщик-ручной-и-частично-механизированной-сварки-наплавки-2024.zip,
ОТСУТСТВУЕТ ЛОКАЛЬНО,PDF,1 МБ,1082611,docs/dokumenty/Рабочая-программа-воспитания-для-профессии-15.01.31-Мастер-контрольно-измерительных-приборов-и-автоматики-2024.pdf,
ОТСУТСТВУЕТ ЛОКАЛЬНО,ZIP,716 КБ,733589,docs/dokumenty/Рабочая-программа-воспитания-для-профессии-15.01.31-Мастер-контрольно-измерительных-приборов-и-автоматики-2024.zip,
ОТСУТСТВУЕТ ЛОКАЛЬНО,PDF,1 МБ,1105665,docs/dokumenty/Рабочая-программа-воспитания-для-профессии-15.02.14-Оснащение-средствами-автоматизации-техпроцессов-и-производств-по-отр.-2024.pdf,
ОТСУТСТВУЕТ ЛОКАЛЬНО,ZIP,736 КБ,753817,docs/dokumenty/Рабочая-программа-воспитания-для-профессии-15.02.14-Оснащение-средствами-автоматизации-техпроцессов-и-производств-по-отр.-2024.zip,
ОТСУТСТВУЕТ ЛОКАЛЬНО,PDF,1 МБ,1109006,docs/dokumenty/Рабочая-программа-воспитания-для-профессии-43.01.09-Повар-кондитер-2024.pdf,
ОТСУТСТВУЕТ ЛОКАЛЬНО,ZIP,741 КБ,758877,docs/dokumenty/Рабочая-программа-воспитания-для-профессии-43.01.09-Повар-кондитер-2024.zip,
ОТСУТСТВУЕТ ЛОКАЛЬНО,PDF,1 МБ,1943028,docs/dokumenty/Рабочая-программа-воспитания-профессии-08.01.07-Мастер-общестроительных-работ-2021.pdf,
ОТСУТСТВУЕТ ЛОКАЛЬНО,ZIP,1 МБ,1889646,docs/dokumenty/Рабочая-программа-воспитания-профессии-08.01.07-Мастер-общестроительных-работ-2021.zip,
ОТСУТСТВУЕТ ЛОКАЛЬНО,PDF,2 МБ,2271003,docs/dokumenty/Рабочая-программа-воспитания-профессии-09.02.01-Компьтерные-системы-и-комплексы-2021.pdf,
ОТСУТСТВУЕТ ЛОКАЛЬНО,ZIP,2 МБ,2222066,docs/dokumenty/Рабочая-программа-воспитания-профессии-09.02.01-Компьтерные-системы-и-комплексы-2021.zip,
ОТСУТСТВУЕТ ЛОКАЛЬНО,PDF,2 МБ,2116960,docs/dokumenty/Рабочая-программа-воспитания-профессии-13.01.10-Электромонтер-по-ремонту-и-обслуживанию-электрооборудования-2021.pdf,
ОТСУТСТВУЕТ ЛОКАЛЬНО,ZIP,1 МБ,2068854,docs/dokumenty/Рабочая-программа-воспитания-профессии-13.01.10-Электромонтер-по-ремонту-и-обслуживанию-электрооборудования-2021.zip,
ОТСУТСТВУЕТ ЛОКАЛЬНО,PDF,2 МБ,2161852,docs/dokumenty/Рабочая-программа-воспитания-профессии-15.01.05-Сварщик-ручной-и-частично-механизированной-сварки-2021.pdf,
ОТСУТСТВУЕТ ЛОКАЛЬНО,ZIP,2 МБ,2109343,docs/dokumenty/Рабочая-программа-воспитания-профессии-15.01.05-Сварщик-ручной-и-частично-механизированной-сварки-2021.zip,
ОТСУТСТВУЕТ ЛОКАЛЬНО,PDF,2 МБ,2754019,docs/dokumenty/Рабочая-программа-воспитания-профессии-15.01.31-Мастер-контрольно-измерительных-приборов-и-автоматики-2021.pdf,
ОТСУТСТВУЕТ ЛОКАЛЬНО,ZIP,2 МБ,2679537,docs/dokumenty/Рабочая-программа-воспитания-профессии-15.01.31-Мастер-контрольно-измерительных-приборов-и-автоматики-2021.zip,
ОТСУТСТВУЕТ ЛОКАЛЬНО,PDF,2 МБ,2200578,docs/dokumenty/Рабочая-программа-воспитания-профессии-15.02.07-Автоматизация-техпроцессов-и-производств-2021.pdf,
ОТСУТСТВУЕТ ЛОКАЛЬНО,ZIP,2 МБ,2146528,docs/dokumenty/Рабочая-программа-воспитания-профессии-15.02.07-Автоматизация-техпроцессов-и-производств-2021.zip,
ОТСУТСТВУЕТ ЛОКАЛЬНО,PDF,2 МБ,3012475,docs/dokumenty/Рабочая-программа-воспитания-профессии-38.00.00-Экономика-и-управление-2021.pdf,
ОТСУТСТВУЕТ ЛОКАЛЬНО,ZIP,2 МБ,2957451,docs/dokumenty/Рабочая-программа-воспитания-профессии-38.00.00-Экономика-и-управление-2021.zip,
ОТСУТСТВУЕТ ЛОКАЛЬНО,PDF,3 МБ,4006662,docs/dokumenty/Рабочая-программа-воспитания-профессии-43.01.09-Повар-кондитер-2021.pdf,
ОТСУТСТВУЕТ ЛОКАЛЬНО,ZIP,3 МБ,3952134,docs/dokumenty/Рабочая-программа-воспитания-профессии-43.01.09-Повар-кондитер-2021.zip,
ОТСУТСТВУЕТ ЛОКАЛЬНО,PDF,1 МБ,1220722,docs/dokumenty/Результаты-самообследования-ГБПОУ-РО-СИТ-за-2022-год-2023.pdf,
ОТСУТСТВУЕТ ЛОКАЛЬНО,ZIP,1 МБ,1236265,docs/dokumenty/Результаты-самообследования-ГБПОУ-РО-СИТ-за-2022-год-2023.zip,
ОТСУТСТВУЕТ ЛОКАЛЬНО,PDF,918 КБ,941048,docs/dokumenty/Результаты-самообследования_2016.pdf,
ОТСУТСТВУЕТ ЛОКАЛЬНО,ZIP,912 КБ,934706,docs/dokumenty/Результаты-самообследования_2016.zip,
ОТСУТСТВУЕТ ЛОКАЛЬНО,PDF,1 МБ,1426820,docs/dokumenty/Результаты-самообследования_2017.pdf,
ОТСУТСТВУЕТ ЛОКАЛЬНО,PDF,1 МБ,1282248,docs/dokumenty/Результаты-самообследования_2018.pdf,
ОТСУТСТВУЕТ ЛОКАЛЬНО,ZIP,1 МБ,1229572,docs/dokumenty/Результаты-самообследования_2018.zip,
ОТСУТСТВУЕТ ЛОКАЛЬНО,PDF,1 МБ,1629858,docs/dokumenty/Результаты-самообследования_2019.pdf,
ОТСУТСТВУЕТ ЛОКАЛЬНО,PDF,1 МБ,1413146,docs/dokumenty/Результаты-самообследования_2020.pdf,
ОТСУТСТВУЕТ ЛОКАЛЬНО,ZIP,1 МБ,1359791,docs/dokumenty/Результаты-самоосбледования_2017.zip,
ОТСУТСТВУЕТ ЛОКАЛЬНО,ZIP,1 МБ,1553316,docs/dokumenty/Результаты-самоосбледования_2019.zip,
ОТСУТСТВУЕТ ЛОКАЛЬНО,ZIP,1 МБ,1495002,docs/dokumenty/Результаты-самоосбледования_2020.zip,
ОТСУТСТВУЕТ ЛОКАЛЬНО,PDF,258 КБ,264318,docs/dokumenty/Соглашениие-по-охране-труда.pdf,
ОТСУТСТВУЕТ ЛОКАЛЬНО,ZIP,348 КБ,356594,docs/dokumenty/Соглашениие-по-охране-труда.zip,
ОТСУТСТВУЕТ ЛОКАЛЬНО,PDF,256 КБ,262835,docs/dokumenty/Уведомление-о-внесении-изменений-в-реестр-лицензий.pdf,
ОТСУТСТВУЕТ ЛОКАЛЬНО,DOCX,14 КБ,14919,docs/dokumenty/компенсация-обучения-для-учебных-заведений.docx,
ОТСУТСТВУЕТ ЛОКАЛЬНО,PDF,928 КБ,951028,docs/dokumenty/положение-о-демоэкзамене-2023.pdf,
ОТСУТСТВУЕТ ЛОКАЛЬНО,ZIP,892 КБ,913617,docs/dokumenty/положение-о-демоэкзамене-2023.zip,
ОТСУТСТВУЕТ ЛОКАЛЬНО,PDF,107 КБ,110354,docs/dokumenty/положение-об-аппеляционной-комиссии.pdf,
ОТСУТСТВУЕТ ЛОКАЛЬНО,PDF,165 КБ,169220,docs/dokumenty/положение-об-учебном-кабинете-2023.pdf,
ОТСУТСТВУЕТ ЛОКАЛЬНО,ZIP,693 КБ,710580,docs/dokumenty/положение-об-учебном-кабинете-2023.zip,
ОТСУТСТВУЕТ ЛОКАЛЬНО,PDF,791 КБ,810454,docs/finance/2020/Государственное-задание-на-2020-2022-гг.-ГБПОУ-РО-СИТ-ноябрь-2020-года.pdf,
ОТСУТСТВУЕТ ЛОКАЛЬНО,PDF,3 МБ,3919085,docs/finance/2020/Государственное-задание-на-2020-2022-гг.-ГБПОУ-РО-СИТ-с-изменениями-апреля.pdf,
ОТСУТСТВУЕТ ЛОКАЛЬНО,PDF,107 КБ,110245,docs/finance/2020/Государственное-задание-на-2020-г.-ГБПОУ-РО-СИТ-титульный.pdf,
ОТСУТСТВУЕТ ЛОКАЛЬНО,PDF,528 КБ,541465,docs/finance/2020/Государственное-задание-на-2020-г.-ГБПОУ-РО-СИТ.pdf,
ОТСУТСТВУЕТ ЛОКАЛЬНО,PDF,1 МБ,1922495,docs/finance/2020/Отчет-о-выполнении-государственного-задания-за-2020-год.pdf,
ОТСУТСТВУЕТ ЛОКАЛЬНО,PDF,657 КБ,673156,docs/finance/2020/ПФХД-на-2020-год-ГБПОУ-РО-СИТ-от-30.12.2020-г.-стр.1-340-41.pdf,
ОТСУТСТВУЕТ ЛОКАЛЬНО,PDF,712 КБ,729499,docs/finance/2020/ПФХД-на-2020-год-ГБПОУ-РО-СИТ-от-30.12.2020-г.-стр.4-39.pdf,
ОТСУТСТВУЕТ ЛОКАЛЬНО,PDF,1 МБ,1222716,docs/finance/2020/ф.-0503721-Отчет-о-финансовых-результатах-деятельности-учреждения-за-2020-г..pdf,
ОТСУТСТВУЕТ ЛОКАЛЬНО,PDF,817 КБ,836965,docs/finance/2020/ф.-0503723.2-Отчет-о-движении-денежных-средств-учреждения-за-2020-г..pdf,
ОТСУТСТВУЕТ ЛОКАЛЬНО,PDF,688 КБ,704800,docs/finance/2020/ф.-0503723.3-Отчет-о-движении-денежных-средств-учреждения-за-2020-г..pdf,
ОТСУТСТВУЕТ ЛОКАЛЬНО,PDF,789 КБ,808342,docs/finance/2020/ф.-0503723.4-Отчет-о-движении-денежных-средств-учреждения-за-2020-г..pdf,
ОТСУТСТВУЕТ ЛОКАЛЬНО,PDF,810 КБ,829872,docs/finance/2020/ф.-0503723.5-Отчет-о-движении-денежных-средств-учреждения-за-2020-г..pdf,
ОТСУТСТВУЕТ ЛОКАЛЬНО,PDF,964 КБ,987341,docs/finance/2020/ф.-0503730-Баланс-государственного-учреждения-за-2020-г..pdf,
ОТСУТСТВУЕТ ЛОКАЛЬНО,PDF,602 КБ,616651,docs/finance/2020/ф.-0503737.2-Отчет-об-исполнении-ПФХД-собственные-доходы-за-2020-г..pdf,
ОТСУТСТВУЕТ ЛОКАЛЬНО,PDF,488 КБ,499835,docs/finance/2020/ф.-0503737.3-Отчет-об-исполнении-ПФХД-средства-во-врем.распоряж.-за-2020-г..pdf,
ОТСУТСТВУЕТ ЛОКАЛЬНО,PDF,592 КБ,606241,docs/finance/2020/ф.-0503737.4-Отчет-об-исполнении-ПФХД-субсидия-на-выпол.-госзадания-за-2020-г..pdf,
ОТСУТСТВУЕТ ЛОКАЛЬНО,PDF,579 КБ,593221,docs/finance/2020/ф.-0503737.5-Отчет-об-исполнении-ПФХД-субсидии-на-иные-цели-за-2020-г..pdf,
ОТСУТСТВУЕТ ЛОКАЛЬНО,PDF,856 КБ,876884,docs/finance/2021/Государственное-задание-на-2021-2023-гг.-ГБПОУ-РО-СИТ-октябрь-2021-года.pdf,
ОТСУТСТВУЕТ ЛОКАЛЬНО,PDF,964 КБ,987511,docs/finance/2021/Государственное-задание-на-2021-2023-гг.-ГБПОУ-РО-СИТ.pdf,
ОТСУТСТВУЕТ ЛОКАЛЬНО,PDF,1 МБ,2079078,docs/finance/2021/Отчет-о-выполнении-государственного-задания-за-2021-год.pdf,
ОТСУТСТВУЕТ ЛОКАЛЬНО,PDF,8 МБ,9008583,docs/finance/2021/ПФХД-на-2021-год-ГБПОУ-РО-СИТ-от-23.12.2021-г..pdf,
ОТСУТСТВУЕТ ЛОКАЛЬНО,PDF,3 МБ,3847581,docs/finance/2021/ф.-0503721-Отчет-о-финансовых-результатах-деятельности-учреждения-за-2021-г..pdf,
ОТСУТСТВУЕТ ЛОКАЛЬНО,PDF,2 МБ,3058259,docs/finance/2021/ф.-0503730-Баланс-государственного-учреждения-за-2021-г..pdf,
ОТСУТСТВУЕТ ЛОКАЛЬНО,PDF,2 МБ,2263869,docs/finance/2021/ф.-0503737.2-Отчет-об-исполнении-ПФХД-собственные-доходы-за-2021-г..pdf,
ОТСУТСТВУЕТ ЛОКАЛЬНО,PDF,2 МБ,2167210,docs/finance/2021/ф.-0503737.4-Отчет-об-исполнении-ПФХД-субсидия-на-выпол.-госзадания-за-2021-г..pdf,
ОТСУТСТВУЕТ ЛОКАЛЬНО,PDF,2 МБ,2113403,docs/finance/2021/ф.-0503737.5-Отчет-об-исполнении-ПФХД-субсидии-на-иные-цели-за-2021-г..pdf,
ОТСУТСТВУЕТ ЛОКАЛЬНО,PDF,2 МБ,2172156,docs/finance/2021/ф.0503723.2-Отчет-о-движении-денежных-средств-учреждения-за-2021-г..pdf,
ОТСУТСТВУЕТ ЛОКАЛЬНО,PDF,2 МБ,2283926,docs/finance/2021/ф.0503723.4-Отчет-о-движении-денежных-средств-учреждения-за-2021-г..pdf,
ОТСУТСТВУЕТ ЛОКАЛЬНО,PDF,2 МБ,2192362,docs/finance/2021/ф.0503723.5-Отчет-о-движении-денежных-средст-учреждения-за-2021-г..pdf,
ОТСУТСТВУЕТ ЛОКАЛЬНО,PDF,706 КБ,723882,docs/finance/2022/Государственное-задание-на-2022-2024-гг.-ГБПОУ-РО-СИТ-2.pdf,
ОТСУТСТВУЕТ ЛОКАЛЬНО,PDF,703 КБ,720298,docs/finance/2022/Государственное-задание-на-2022-2024-гг.-Октябрь-2022-г..pdf,
ОТСУТСТВУЕТ ЛОКАЛЬНО,PDF,6 МБ,6812356,docs/finance/2022/Отчет-о-выполнении-государственного-задания-за-2022-год.pdf,
ОТСУТСТВУЕТ ЛОКАЛЬНО,PDF,7 МБ,7782281,docs/finance/2022/ПФХД-на-2022-год-ГБПОУ-РО-СИТ-от-26.12.2022-г..pdf,
ОТСУТСТВУЕТ ЛОКАЛЬНО,PDF,3 МБ,3968101,docs/finance/2022/ф.-0503721-Отчет-о-финансовых-результатах-деятельности-учреждения-за-2022-г..pdf,
ОТСУТСТВУЕТ ЛОКАЛЬНО,PDF,4 МБ,4652959,docs/finance/2022/ф.-0503723.2-Отчет-о-движении-денежных-средств-учреждения-за-2022-г..pdf,
ОТСУТСТВУЕТ ЛОКАЛЬНО,PDF,3 МБ,3624499,docs/finance/2022/ф.-0503723.3-Отчет-о-движении-денежных-средств-учреждения-за-2022-г..pdf,
ОТСУТСТВУЕТ ЛОКАЛЬНО,PDF,4 МБ,4337502,docs/finance/2022/ф.-0503723.4-Отчет-о-движении-денежных-средств-учреждения-за-2022-г..pdf,
ОТСУТСТВУЕТ ЛОКАЛЬНО,PDF,3 МБ,3931849,docs/finance/2022/ф.-0503723.5-Отчет-о-движении-денежных-средств-учреждения-за-2022-г..pdf,
ОТСУТСТВУЕТ ЛОКАЛЬНО,PDF,2 МБ,2992191,docs/finance/2022/ф.-0503730-Баланс-государственного-учреждения-за-2022-г..pdf,
ОТСУТСТВУЕТ ЛОКАЛЬНО,PDF,1 МБ,1980492,docs/finance/2022/ф.-0503737.2-Отчет-об-исполнении-ПФХД-собственные-доходы-за-2022-г..pdf,
ОТСУТСТВУЕТ ЛОКАЛЬНО,PDF,1 МБ,1119377,docs/finance/2022/ф.-0503737.3-Отчет-об-исполнении-ПФХД-средства-во-временном-распоряжении-за-2022-г..pdf,
ОТСУТСТВУЕТ ЛОКАЛЬНО,PDF,1 МБ,1860809,docs/finance/2022/ф.-0503737.4-Отчет-об-исполнении-ПФХД-субсидия-на-выпол.-госзадания-за-2022-г..pdf,
ОТСУТСТВУЕТ ЛОКАЛЬНО,PDF,1 МБ,1781100,docs/finance/2022/ф.-0503737.5-Отчет-об-исполнении-ПФХД-субсидии-на-иные-цели-за-2022-г..pdf,
ОТСУТСТВУЕТ ЛОКАЛЬНО,PDF,886 КБ,907530,docs/finance/2023/Государственное-задание-на-2023-2025-гг.-ГБПОУ-РО-СИТ-1.pdf,
ОТСУТСТВУЕТ ЛОКАЛЬНО,PDF,850 КБ,871168,docs/finance/2023/Государственное-задание-на-2023-2025-гг.-Октябрь-2023-г..pdf,
ОТСУТСТВУЕТ ЛОКАЛЬНО,PDF,10 МБ,11477563,docs/finance/2023/Отчет-о-выполнении-государственного-задания-за-2023-год.pdf,
ОТСУТСТВУЕТ ЛОКАЛЬНО,PDF,2 МБ,2099243,docs/finance/2023/ПФХД-на-2023-год-ГБПОУ-РО-СИТ.pdf,
ОТСУТСТВУЕТ ЛОКАЛЬНО,PDF,2 МБ,2192500,docs/finance/2023/Приказ-об-утверждении-перечня-товаров-работ-услуг-закупки-которых-осуществляются-у-СМП-по-223-ФЗ.pdf,
ОТСУТСТВУЕТ ЛОКАЛЬНО,PDF,3 МБ,3933909,docs/finance/2023/ф.-0503721-Отчет-о-финансовых-результатах-деятельности-учреждения-за-2023-г..pdf,
ОТСУТСТВУЕТ ЛОКАЛЬНО,PDF,3 МБ,3967526,docs/finance/2023/ф.-0503723.2-Отчет-о-движении-денежных-средств-учреждения-за-2023-г..pdf,
ОТСУТСТВУЕТ ЛОКАЛЬНО,PDF,3 МБ,3314084,docs/finance/2023/ф.-0503723.3-Отчет-о-движении-денежных-средств-учреждения-за-2023-г..pdf,
ОТСУТСТВУЕТ ЛОКАЛЬНО,PDF,3 МБ,3984891,docs/finance/2023/ф.-0503723.4-Отчет-о-движении-денежных-средств-учреждения-за-2023-г..pdf,
ОТСУТСТВУЕТ ЛОКАЛЬНО,PDF,3 МБ,4102106,docs/finance/2023/ф.-0503723.5-Отчет-о-движении-денежных-средств-учреждения-за-2023-г..pdf,
ОТСУТСТВУЕТ ЛОКАЛЬНО,PDF,2 МБ,2942991,docs/finance/2023/ф.-0503730-Баланс-государственного-учреждения-за-2023-г..pdf,
ОТСУТСТВУЕТ ЛОКАЛЬНО,PDF,2 МБ,2236921,docs/finance/2023/ф.-0503737.2-Отчет-об-исполнении-ПФХД-собственные-доходы-за-2023-г..pdf,
ОТСУТСТВУЕТ ЛОКАЛЬНО,PDF,1 МБ,1781494,docs/finance/2023/ф.-0503737.4-Отчет-об-исполнении-ПФХД-субсидия-на-выпол.-госзадания-за-2023-г..pdf,
ОТСУТСТВУЕТ ЛОКАЛЬНО,PDF,2 МБ,2140873,docs/finance/2023/ф.-0503737.5-Отчет-об-исполнении-ПФХД-субсидии-на-иные-цели-за-2023-г..pdf,
ОТСУТСТВУЕТ ЛОКАЛЬНО,PDF,911 КБ,933084,docs/finance/2024/Государственное-задание-на-2024-2026-гг.-Октябрь-2024-г.pdf,
ОТСУТСТВУЕТ ЛОКАЛЬНО,PDF,12 МБ,12712065,docs/finance/2024/Отчет-о-выполнении-государственного-задания-за-2024-год.pdf,
ОТСУТСТВУЕТ ЛОКАЛЬНО,PDF,4 МБ,4355558,docs/finance/2024/ПФХД-на-2024-год-ГБПОУ-РО-СИТ-1.pdf,
ОТСУТСТВУЕТ ЛОКАЛЬНО,PDF,3 МБ,3628582,docs/finance/2024/Приказ-об-утверждении-перечня.pdf,
ОТСУТСТВУЕТ ЛОКАЛЬНО,PDF,4 МБ,4536072,docs/finance/2024/ф.-0503721-Отчет-о-финансовых-результатах-деятельности-учреждения-за-2024-г.pdf,
ОТСУТСТВУЕТ ЛОКАЛЬНО,PDF,5 МБ,5300512,docs/finance/2024/ф.-0503723.2-Отчет-о-движении-денежных-средств-учреждения-за-2024-г.pdf,
ОТСУТСТВУЕТ ЛОКАЛЬНО,PDF,4 МБ,4686453,docs/finance/2024/ф.-0503723.4-Отчет-о-движении-денежных-средств-учреждения-за-2023-г.pdf,
ОТСУТСТВУЕТ ЛОКАЛЬНО,PDF,4 МБ,4686720,docs/finance/2024/ф.-0503723.5-Отчет-о-движении-денежных-средств-учреждения-за-2024-г.pdf,
ОТСУТСТВУЕТ ЛОКАЛЬНО,PDF,3 МБ,3394689,docs/finance/2024/ф.-0503730-Баланс-государственного-учреждения-за-2024-г.pdf,
ОТСУТСТВУЕТ ЛОКАЛЬНО,PDF,2 МБ,2173076,docs/finance/2024/ф.-0503737.2-Отчет-об-исполнении-ПФХД-собственные-доходы-за-2024-г.pdf,
ОТСУТСТВУЕТ ЛОКАЛЬНО,PDF,2 МБ,2114313,docs/finance/2024/ф.-0503737.4-Отчет-об-исполнении-ПФХД-субсидия-на-выпол.-госзадания-за-2024-г.pdf,
ОТСУТСТВУЕТ ЛОКАЛЬНО,PDF,2 МБ,2154921,docs/finance/2024/ф.-0503737.5-Отчет-об-исполнении-ПФХД-субсидии-на-иные-цели-за-2024-г.pdf,
ОТСУТСТВУЕТ ЛОКАЛЬНО,PDF,937 КБ,959923,docs/finance/2025/Государственное-задание-на-2025-2027-гг.-Октябрь-2025-г.pdf,
ОТСУТСТВУЕТ ЛОКАЛЬНО,PDF,14 МБ,15228226,docs/finance/2025/Отчет-о-выполнении-государственного-задания-за-2025-год.pdf,
ОТСУТСТВУЕТ ЛОКАЛЬНО,PDF,5 МБ,5648967,docs/finance/2025/ПФХД-на-2025-год-ГБПОУ-РО-СИТ-от-30.12.2025-г.pdf,
ОТСУТСТВУЕТ ЛОКАЛЬНО,PDF,4 МБ,4342136,docs/finance/2025/Приказ-об-утверждении-перечня-товаров-работ-услуг-закупки-которых-осуществляются-субъектов-малого-и-среднего-предпринимательства-2025.pdf,
ОТСУТСТВУЕТ ЛОКАЛЬНО,PDF,4 МБ,4817692,docs/finance/2025/ф.-0503721-Отчет-о-финансовых-результатах-деятельности-учреждения-за-2025-г-1.pdf,
ОТСУТСТВУЕТ ЛОКАЛЬНО,PDF,5 МБ,6136373,docs/finance/2025/ф.-0503723.2-Отчет-о-движении-денежных-средств-учреждения-за-2025-г-1.pdf,
ОТСУТСТВУЕТ ЛОКАЛЬНО,PDF,5 МБ,6025073,docs/finance/2025/ф.-0503723.4-Отчет-о-движении-денежных-средств-учреждения-за-2025-г.pdf,
ОТСУТСТВУЕТ ЛОКАЛЬНО,PDF,5 МБ,6038383,docs/finance/2025/ф.-0503723.5-Отчет-о-движении-денежных-средств-учреждения-за-2025-г.pdf,
ОТСУТСТВУЕТ ЛОКАЛЬНО,PDF,3 МБ,3961657,docs/finance/2025/ф.-0503730-Баланс-государственного-учреждения-за-2025-г-1.pdf,
ОТСУТСТВУЕТ ЛОКАЛЬНО,PDF,2 МБ,2338401,docs/finance/2025/ф.-0503737.2-Отчет-об-исполнении-ПФХД-собственные-доходы-за-2025-г.pdf,
ОТСУТСТВУЕТ ЛОКАЛЬНО,PDF,1 МБ,2078293,docs/finance/2025/ф.-0503737.4-Отчет-об-исполнении-ПФХД-субсидия-на-выпол.-госзадания-за-2025-г.pdf,
ОТСУТСТВУЕТ ЛОКАЛЬНО,PDF,2 МБ,2220051,docs/finance/2025/ф.-0503737.5-Отчет-об-исполнении-ПФХД-субсидии-на-иные-цели-за-2025-г.pdf,
ОТСУТСТВУЕТ ЛОКАЛЬНО,PDF,613 КБ,627790,docs/finance/2026/Государственное-задание-на-2026-2028-гг.-ГБПОУ-РО-СИТ.pdf,
ОТСУТСТВУЕТ ЛОКАЛЬНО,PDF,5 МБ,5325553,docs/finance/2026/ПФХД-на-2026-год-ГБПОУ-РО-СИТ-от-21.01.2026-г.pdf,
ОТСУТСТВУЕТ ЛОКАЛЬНО,MP4,12 МБ,13099020,docs/kontrakt/3.1.mp4,
ОТСУТСТВУЕТ ЛОКАЛЬНО,MP4,11 МБ,12272072,docs/kontrakt/4.1.mp4,
ОТСУТСТВУЕТ ЛОКАЛЬНО,MP4,14 МБ,15247317,docs/kontrakt/5.1.mp4,
ОТСУТСТВУЕТ ЛОКАЛЬНО,MP4,12 МБ,12794517,docs/kontrakt/6.1.mp4,
ОТСУТСТВУЕТ ЛОКАЛЬНО,JPG,454 КБ,464928,docs/kontrakt/kontrakt.jpg,
ОТСУТСТВУЕТ ЛОКАЛЬНО,MP4,17 МБ,18559207,docs/kontrakt/Служба-по-контракту-ролик.mp4,
ОТСУТСТВУЕТ ЛОКАЛЬНО,?,3 МБ,3622934,docs/kontrakt/работа,
ОТСУТСТВУЕТ ЛОКАЛЬНО,JPG,143 КБ,147415,docs/mezhdunarodnoe/международное-и-межрегиональное-сотрудничество-3-02-21-1.jpg,
ОТСУТСТВУЕТ ЛОКАЛЬНО,JPG,310 КБ,317645,docs/mezhdunarodnoe/международное-и-межрегиональное-сотрудничество-3-02-21-2.jpg,
ОТСУТСТВУЕТ ЛОКАЛЬНО,JPG,290 КБ,297948,docs/mezhdunarodnoe/международное-и-межрегиональное-сотрудничество-3-02-21-3.jpg,
ОТСУТСТВУЕТ ЛОКАЛЬНО,JPG,147 КБ,151343,docs/mezhdunarodnoe/международное-и-межрегиональное-сотрудничество-3-02-21-4.jpg,
ОТСУТСТВУЕТ ЛОКАЛЬНО,JPG,142 КБ,145686,docs/mezhdunarodnoe/международное-и-межрегиональное-сотрудничество-3-02-21-5.jpg,
ОТСУТСТВУЕТ ЛОКАЛЬНО,JPG,100 КБ,103070,docs/mezhdunarodnoe/международное-и-межрегиональное-сотрудничество-3-02-21-6.jpg,
ОТСУТСТВУЕТ ЛОКАЛЬНО,JPG,234 КБ,240483,docs/mezhdunarodnoe/международное-и-межрегиональное-сотрудничество-3-02-21-7.jpg,
ОТСУТСТВУЕТ ЛОКАЛЬНО,JPG,106 КБ,109205,docs/mezhdunarodnoe/международное-и-межрегиональное-сотрудничество-3-02-21-8.jpg,
ОТСУТСТВУЕТ ЛОКАЛЬНО,JPG,108 КБ,110875,docs/mezhdunarodnoe/международное-и-межрегиональное-сотрудничество-3-02-21-9.jpg,
ОТСУТСТВУЕТ ЛОКАЛЬНО,PDF,2 МБ,2330840,docs/obrazovanie/08.02.09.РП_УП.pdf,
ОТСУТСТВУЕТ ЛОКАЛЬНО,ZIP,2 МБ,2390094,docs/obrazovanie/08.02.09.РП_УП.zip,
ОТСУТСТВУЕТ ЛОКАЛЬНО,PDF,1 МБ,1210766,docs/obrazovanie/08.02.09_АРП_ОУД.03_Ин.-язык.pdf,
ОТСУТСТВУЕТ ЛОКАЛЬНО,PDF,930 КБ,953315,docs/obrazovanie/08.02.09_Календарный-план-ВР.pdf,
ОТСУТСТВУЕТ ЛОКАЛЬНО,ZIP,886 КБ,907863,docs/obrazovanie/08.02.09_Календарный-план-ВР.zip,
ОТСУТСТВУЕТ ЛОКАЛЬНО,ZIP,3 МБ,3174916,docs/obrazovanie/08.02.09_ОП-2024.zip,
ОТСУТСТВУЕТ ЛОКАЛЬНО,PDF,1 МБ,1642221,docs/obrazovanie/08.02.09_ОП.01_РП_Инженерная-графика.pdf,
ОТСУТСТВУЕТ ЛОКАЛЬНО,ZIP,1 МБ,1811690,docs/obrazovanie/08.02.09_ОП.01_РП_Инженерная-графика.zip,
ОТСУТСТВУЕТ ЛОКАЛЬНО,PDF,1 МБ,1592842,docs/obrazovanie/08.02.09_ОП.02_РП_-Электротехника.pdf,
ОТСУТСТВУЕТ ЛОКАЛЬНО,ZIP,1 МБ,1733799,docs/obrazovanie/08.02.09_ОП.02_РП_-Электротехника.zip,
ОТСУТСТВУЕТ ЛОКАЛЬНО,PDF,1 МБ,1722523,docs/obrazovanie/08.02.09_ОП.03_РП_Основы-электроники.pdf,
ОТСУТСТВУЕТ ЛОКАЛЬНО,ZIP,1 МБ,1912494,docs/obrazovanie/08.02.09_ОП.03_РП_Основы-электроники.zip,
ОТСУТСТВУЕТ ЛОКАЛЬНО,PDF,1 МБ,1729259,docs/obrazovanie/08.02.09_ОП.04_РП_Электрические-измерения.pdf,
ОТСУТСТВУЕТ ЛОКАЛЬНО,ZIP,1 МБ,1910652,docs/obrazovanie/08.02.09_ОП.04_РП_Электрические-измерения.zip,
ОТСУТСТВУЕТ ЛОКАЛЬНО,PDF,1 МБ,1772325,docs/obrazovanie/08.02.09_ОП.05_РП_Основы-автоматики.pdf,
ОТСУТСТВУЕТ ЛОКАЛЬНО,ZIP,1 МБ,1972084,docs/obrazovanie/08.02.09_ОП.05_РП_Основы-автоматики.zip,
ОТСУТСТВУЕТ ЛОКАЛЬНО,PDF,1 МБ,1902373,docs/obrazovanie/08.02.09_ОП.06_РП_Инфор.-технологии.pdf,
ОТСУТСТВУЕТ ЛОКАЛЬНО,ZIP,1 МБ,2084616,docs/obrazovanie/08.02.09_ОП.06_РП_Инфор.-технологии.zip,
ОТСУТСТВУЕТ ЛОКАЛЬНО,PDF,1 МБ,1415002,docs/obrazovanie/08.02.09_ОП.07_РП_Техническая-механика.pdf,
ОТСУТСТВУЕТ ЛОКАЛЬНО,ZIP,1 МБ,1559945,docs/obrazovanie/08.02.09_ОП.07_РП_Техническая-механика.zip,
ОТСУТСТВУЕТ ЛОКАЛЬНО,PDF,3 МБ,3313227,docs/obrazovanie/08.02.09_ОП_2025.pdf,
ОТСУТСТВУЕТ ЛОКАЛЬНО,ZIP,2 МБ,2345240,docs/obrazovanie/08.02.09_ОУД.01_РП_Русский-язык.zip,
ОТСУТСТВУЕТ ЛОКАЛЬНО,ZIP,2 МБ,2734035,docs/obrazovanie/08.02.09_ОУД.02_РП_Литература.zip,
ОТСУТСТВУЕТ ЛОКАЛЬНО,ZIP,2 МБ,2344057,docs/obrazovanie/08.02.09_ОУД.03_РП_Ин.язык.zip,
ОТСУТСТВУЕТ ЛОКАЛЬНО,ZIP,2 МБ,2363142,docs/obrazovanie/08.02.09_ОУД.04_РП_История.zip,
ОТСУТСТВУЕТ ЛОКАЛЬНО,ZIP,2 МБ,2502285,docs/obrazovanie/08.02.09_ОУД.05_РП_Обществознание.zip,
ОТСУТСТВУЕТ ЛОКАЛЬНО,ZIP,2 МБ,2502267,docs/obrazovanie/08.02.09_ОУД.06_РП_Химия.zip,
ОТСУТСТВУЕТ ЛОКАЛЬНО,ZIP,1 МБ,1964624,docs/obrazovanie/08.02.09_ОУД.07_РП_Биология.zip,
ОТСУТСТВУЕТ ЛОКАЛЬНО,ZIP,2 МБ,2408280,docs/obrazovanie/08.02.09_ОУД.08_РП_География.zip,
ОТСУТСТВУЕТ ЛОКАЛЬНО,ZIP,2 МБ,2437352,docs/obrazovanie/08.02.09_ОУД.09_РП_Физ.-культура.zip,
ОТСУТСТВУЕТ ЛОКАЛЬНО,ZIP,2 МБ,2405119,docs/obrazovanie/08.02.09_ОУД.10_РП_ОБЗР.zip,
ОТСУТСТВУЕТ ЛОКАЛЬНО,ZIP,2 МБ,2171292,docs/obrazovanie/08.02.09_ОУД.11_РП_Информатика.zip,
ОТСУТСТВУЕТ ЛОКАЛЬНО,ZIP,1 МБ,2062021,docs/obrazovanie/08.02.09_ОУД.12_РП_Индивидуальный-проект.zip,
ОТСУТСТВУЕТ ЛОКАЛЬНО,ZIP,2 МБ,2408282,docs/obrazovanie/08.02.09_ОУД.13_РП_Математика.zip,
ОТСУТСТВУЕТ ЛОКАЛЬНО,ZIP,2 МБ,2476618,docs/obrazovanie/08.02.09_ПМ.01_РП_2024.zip,
ОТСУТСТВУЕТ ЛОКАЛЬНО,ZIP,2 МБ,2476618,docs/obrazovanie/08.02.09_ПМ.02_РП_2024.zip,
ОТСУТСТВУЕТ ЛОКАЛЬНО,PDF,2 МБ,2170684,docs/obrazovanie/08.02.09_РП_ОУД.01_Русский-язык_2025.pdf,
ОТСУТСТВУЕТ ЛОКАЛЬНО,PDF,2 МБ,2608807,docs/obrazovanie/08.02.09_РП_ОУД.02_Литература_2025.pdf,
ОТСУТСТВУЕТ ЛОКАЛЬНО,PDF,2 МБ,2233145,docs/obrazovanie/08.02.09_РП_ОУД.03_Ин.язык_2025.pdf,
ОТСУТСТВУЕТ ЛОКАЛЬНО,PDF,2 МБ,2281498,docs/obrazovanie/08.02.09_РП_ОУД.04_История_2025.pdf,
ОТСУТСТВУЕТ ЛОКАЛЬНО,PDF,2 МБ,2439887,docs/obrazovanie/08.02.09_РП_ОУД.05_Обществознание_2025.pdf,
ОТСУТСТВУЕТ ЛОКАЛЬНО,PDF,1 МБ,1998107,docs/obrazovanie/08.02.09_РП_ОУД.06_Химия_2025.pdf,
ОТСУТСТВУЕТ ЛОКАЛЬНО,PDF,1 МБ,2021027,docs/obrazovanie/08.02.09_РП_ОУД.07_Биология_2025.pdf,
ОТСУТСТВУЕТ ЛОКАЛЬНО,PDF,2 МБ,2167986,docs/obrazovanie/08.02.09_РП_ОУД.08_География_2025.pdf,
ОТСУТСТВУЕТ ЛОКАЛЬНО,PDF,2 МБ,2252386,docs/obrazovanie/08.02.09_РП_ОУД.09_Физ.-культура_2025.pdf,
ОТСУТСТВУЕТ ЛОКАЛЬНО,PDF,2 МБ,2266919,docs/obrazovanie/08.02.09_РП_ОУД.10_ОБЗР_2025.pdf,
ОТСУТСТВУЕТ ЛОКАЛЬНО,PDF,1 МБ,2042396,docs/obrazovanie/08.02.09_РП_ОУД.11_Информатика_2025.pdf,
ОТСУТСТВУЕТ ЛОКАЛЬНО,PDF,1 МБ,1928440,docs/obrazovanie/08.02.09_РП_ОУД.12_Инд.-проект_2025.pdf,
ОТСУТСТВУЕТ ЛОКАЛЬНО,PDF,2 МБ,2505335,docs/obrazovanie/08.02.09_РП_ОУД.13_Математика_2025.pdf,
ОТСУТСТВУЕТ ЛОКАЛЬНО,PDF,2 МБ,2273242,docs/obrazovanie/08.02.09_РП_ОУД.14_Физика_2025.pdf,
ОТСУТСТВУЕТ ЛОКАЛЬНО,PDF,2 МБ,2379247,docs/obrazovanie/08.02.09_РП_ПМ.01.pdf,
ОТСУТСТВУЕТ ЛОКАЛЬНО,PDF,2 МБ,2648065,docs/obrazovanie/08.02.09_РП_ПМ.02.pdf,
ОТСУТСТВУЕТ ЛОКАЛЬНО,PDF,2 МБ,2304884,docs/obrazovanie/08.02.09_РП_ПМ.03.pdf,
ОТСУТСТВУЕТ ЛОКАЛЬНО,ZIP,2 МБ,2384597,docs/obrazovanie/08.02.09_РП_ПМ.03.zip,
ОТСУТСТВУЕТ ЛОКАЛЬНО,PDF,1 МБ,2045394,docs/obrazovanie/08.02.09_РП_ПМ.04.pdf,
ОТСУТСТВУЕТ ЛОКАЛЬНО,ZIP,1 МБ,2019437,docs/obrazovanie/08.02.09_РП_ПМ.04.zip,
ОТСУТСТВУЕТ ЛОКАЛЬНО,PDF,2 МБ,2100093,docs/obrazovanie/08.02.09_РП_ПМ.05.pdf,
ОТСУТСТВУЕТ ЛОКАЛЬНО,ZIP,1 МБ,2094081,docs/obrazovanie/08.02.09_РП_ПМ.05.zip,
ОТСУТСТВУЕТ ЛОКАЛЬНО,PDF,1 МБ,1399256,docs/obrazovanie/08.02.09_РП_ПМ.06.pdf,
ОТСУТСТВУЕТ ЛОКАЛЬНО,ZIP,1 МБ,1387828,docs/obrazovanie/08.02.09_РП_ПМ.06.zip,
ОТСУТСТВУЕТ ЛОКАЛЬНО,PDF,1 МБ,2091799,docs/obrazovanie/08.02.09_РП_ПП.pdf,
ОТСУТСТВУЕТ ЛОКАЛЬНО,ZIP,1 МБ,1903631,docs/obrazovanie/08.02.09_РП_ПП.zip,
ОТСУТСТВУЕТ ЛОКАЛЬНО,PDF,1 МБ,1471936,docs/obrazovanie/08.02.09_РП_СГ.05_Основы-фин.-грамотности.pdf,
ОТСУТСТВУЕТ ЛОКАЛЬНО,ZIP,1 МБ,1528723,docs/obrazovanie/08.02.09_РП_СГ.05_Основы-фин.-грамотности.zip,
ОТСУТСТВУЕТ ЛОКАЛЬНО,PDF,402 КБ,411767,docs/obrazovanie/08.02.09_РПВ.pdf,
ОТСУТСТВУЕТ ЛОКАЛЬНО,ZIP,457 КБ,468207,docs/obrazovanie/08.02.09_РПВ.zip,
ОТСУТСТВУЕТ ЛОКАЛЬНО,PDF,1 МБ,1502772,docs/obrazovanie/08.02.09_СГ.01_РП_История-России.pdf,
ОТСУТСТВУЕТ ЛОКАЛЬНО,ZIP,1 МБ,1552405,docs/obrazovanie/08.02.09_СГ.01_РП_История-России.zip,
ОТСУТСТВУЕТ ЛОКАЛЬНО,PDF,2 МБ,2342969,docs/obrazovanie/08.02.09_СГ.02_Ин.-язык-в-проф.деятельности.pdf,
ОТСУТСТВУЕТ ЛОКАЛЬНО,ZIP,2 МБ,2377804,docs/obrazovanie/08.02.09_СГ.02_Ин.-язык-в-проф.деятельности.zip,
ОТСУТСТВУЕТ ЛОКАЛЬНО,PDF,1 МБ,1486254,docs/obrazovanie/08.02.09_СГ.03_РП_БЖД.pdf,
ОТСУТСТВУЕТ ЛОКАЛЬНО,ZIP,1 МБ,1535277,docs/obrazovanie/08.02.09_СГ.03_РП_БЖД.zip,
ОТСУТСТВУЕТ ЛОКАЛЬНО,PDF,2 МБ,2178941,docs/obrazovanie/08.02.09_СГ.04_РП_-Физ.-культура.pdf,
ОТСУТСТВУЕТ ЛОКАЛЬНО,ZIP,2 МБ,2178540,docs/obrazovanie/08.02.09_СГ.04_РП_-Физ.-культура.zip,
ОТСУТСТВУЕТ ЛОКАЛЬНО,PDF,26 МБ,27976861,docs/obrazovanie/09.01.03-_РП-_ОУД.05-Обществознание_2026.pdf,
ОТСУТСТВУЕТ ЛОКАЛЬНО,ZIP,25 МБ,26541826,docs/obrazovanie/09.01.03-_РП-_ОУД.05-Обществознание_2026.zip,
ОТСУТСТВУЕТ ЛОКАЛЬНО,PDF,21 МБ,22195603,docs/obrazovanie/09.01.03-_РП-_ОУД.07-Биология-_2026.pdf,
ОТСУТСТВУЕТ ЛОКАЛЬНО,ZIP,21 МБ,22201656,docs/obrazovanie/09.01.03-_РП-_ОУД.07-Биология-_2026.zip,
ОТСУТСТВУЕТ ЛОКАЛЬНО,PDF,4 МБ,4369919,docs/obrazovanie/09.01.03-_РП_ОУД.03-Ин.-язык_2026.pdf,
ОТСУТСТВУЕТ ЛОКАЛЬНО,ZIP,4 МБ,4332164,docs/obrazovanie/09.01.03-_РП_ОУД.03-Ин.-язык_2026.zip,
ОТСУТСТВУЕТ ЛОКАЛЬНО,PDF,22 МБ,23891580,docs/obrazovanie/09.01.03.-_РП-_ОУД.-04-История_2026.pdf,
ОТСУТСТВУЕТ ЛОКАЛЬНО,ZIP,23 МБ,24513272,docs/obrazovanie/09.01.03.-_РП-_ОУД.-04-История_2026.zip,
ОТСУТСТВУЕТ ЛОКАЛЬНО,PDF,1 МБ,1364478,docs/obrazovanie/09.01.03_АОП-2026.pdf,
ОТСУТСТВУЕТ ЛОКАЛЬНО,ZIP,1 МБ,1337303,docs/obrazovanie/09.01.03_АОП-2026.zip,
ОТСУТСТВУЕТ ЛОКАЛЬНО,PDF,11 МБ,11628568,docs/obrazovanie/09.01.03_ОП.02-Документационное-и-правовое-обеспечение-управления.pdf,
ОТСУТСТВУЕТ ЛОКАЛЬНО,ZIP,11 МБ,11916731,docs/obrazovanie/09.01.03_ОП.02-Документационное-и-правовое-обеспечение-управления.zip,
ОТСУТСТВУЕТ ЛОКАЛЬНО,PDF,3 МБ,3365187,docs/obrazovanie/09.01.03_ОП.04-Конструкция-и-компоновка-персонального-компьютера_2026.pdf,
ОТСУТСТВУЕТ ЛОКАЛЬНО,ZIP,3 МБ,3319353,docs/obrazovanie/09.01.03_ОП.04-Конструкция-и-компоновка-персонального-компьютера_2026.zip,
ОТСУТСТВУЕТ ЛОКАЛЬНО,PDF,3 МБ,3874879,docs/obrazovanie/09.01.03_ОП_Оператор-информационных-систем-и-ресурсов_2026.pdf,
ОТСУТСТВУЕТ ЛОКАЛЬНО,ZIP,3 МБ,3531985,docs/obrazovanie/09.01.03_ОП_Оператор-информационных-систем-и-ресурсов_2026.zip,
ОТСУТСТВУЕТ ЛОКАЛЬНО,PDF,3 МБ,3586249,docs/obrazovanie/09.01.03_ПМ.01_2026.pdf,
ОТСУТСТВУЕТ ЛОКАЛЬНО,ZIP,3 МБ,3400267,docs/obrazovanie/09.01.03_ПМ.01_2026.zip,
ОТСУТСТВУЕТ ЛОКАЛЬНО,PDF,3 МБ,3613800,docs/obrazovanie/09.01.03_Программа-ГИА_2026.pdf,
ОТСУТСТВУЕТ ЛОКАЛЬНО,ZIP,3 МБ,3495291,docs/obrazovanie/09.01.03_Программа-ГИА_2026.zip,
ОТСУТСТВУЕТ ЛОКАЛЬНО,PDF,32 МБ,33704102,docs/obrazovanie/09.01.03_РП-_ОУД.13-Математика_2026.pdf,
ОТСУТСТВУЕТ ЛОКАЛЬНО,ZIP,32 МБ,34326478,docs/obrazovanie/09.01.03_РП-_ОУД.13-Математика_2026.zip,
ОТСУТСТВУЕТ ЛОКАЛЬНО,PDF,8 МБ,9258330,docs/obrazovanie/09.01.03_РП_ОП.01-Основы-информационных-технологий_2026-1.pdf,
ОТСУТСТВУЕТ ЛОКАЛЬНО,ZIP,9 МБ,9575518,docs/obrazovanie/09.01.03_РП_ОП.01-Основы-информационных-технологий_2026-1.zip,
ОТСУТСТВУЕТ ЛОКАЛЬНО,PDF,3 МБ,3146412,docs/obrazovanie/09.01.03_РП_ОП.03-Базы-данных_2026-1.pdf,
ОТСУТСТВУЕТ ЛОКАЛЬНО,ZIP,3 МБ,3462971,docs/obrazovanie/09.01.03_РП_ОП.03-Базы-данных_2026-1.zip,
ОТСУТСТВУЕТ ЛОКАЛЬНО,PDF,3 МБ,3405008,docs/obrazovanie/09.01.03_РП_ОП.05-Информационная-безопасность_2026.pdf,
ОТСУТСТВУЕТ ЛОКАЛЬНО,ZIP,3 МБ,3707263,docs/obrazovanie/09.01.03_РП_ОП.05-Информационная-безопасность_2026.zip,
ОТСУТСТВУЕТ ЛОКАЛЬНО,PDF,3 МБ,3374092,docs/obrazovanie/09.01.03_РП_ОП.06-Основы-применения-графических-редакторов-и-редакторов-видео-контента-в-профессиональной-деятельности_2026.pdf,
ОТСУТСТВУЕТ ЛОКАЛЬНО,ZIP,3 МБ,3648670,docs/obrazovanie/09.01.03_РП_ОП.06-Основы-применения-графических-редакторов-и-редакторов-видео-контента-в-профессиональной-деятельности_2026.zip,
ОТСУТСТВУЕТ ЛОКАЛЬНО,PDF,12 МБ,13175949,docs/obrazovanie/09.01.03_РП_ОУД.01-Русский-язык_2026.pdf,
ОТСУТСТВУЕТ ЛОКАЛЬНО,ZIP,13 МБ,13797600,docs/obrazovanie/09.01.03_РП_ОУД.01-Русский-язык_2026.zip,
ОТСУТСТВУЕТ ЛОКАЛЬНО,PDF,33 МБ,34647099,docs/obrazovanie/09.01.03_РП_ОУД.02_Литература_2026.pdf,
ОТСУТСТВУЕТ ЛОКАЛЬНО,ZIP,33 МБ,35268179,docs/obrazovanie/09.01.03_РП_ОУД.02_Литература_2026.zip,
ОТСУТСТВУЕТ ЛОКАЛЬНО,PDF,3 МБ,3779903,docs/obrazovanie/09.01.03_РП_ОУД.06-Химия_2026.pdf,
ОТСУТСТВУЕТ ЛОКАЛЬНО,ZIP,3 МБ,4026942,docs/obrazovanie/09.01.03_РП_ОУД.06-Химия_2026.zip,
ОТСУТСТВУЕТ ЛОКАЛЬНО,PDF,3 МБ,3882414,docs/obrazovanie/09.01.03_РП_ОУД.08-География_2026.pdf,
ОТСУТСТВУЕТ ЛОКАЛЬНО,ZIP,3 МБ,4132081,docs/obrazovanie/09.01.03_РП_ОУД.08-География_2026.zip,
ОТСУТСТВУЕТ ЛОКАЛЬНО,PDF,16 МБ,16829282,docs/obrazovanie/09.01.03_РП_ОУД.09-Физическая-культура_2026-1.pdf,
ОТСУТСТВУЕТ ЛОКАЛЬНО,ZIP,16 МБ,17083341,docs/obrazovanie/09.01.03_РП_ОУД.09-Физическая-культура_2026-1.zip,
ОТСУТСТВУЕТ ЛОКАЛЬНО,PDF,22 МБ,24019853,docs/obrazovanie/09.01.03_РП_ОУД.10-ОБЗР_2026.pdf,
ОТСУТСТВУЕТ ЛОКАЛЬНО,ZIP,23 МБ,24641548,docs/obrazovanie/09.01.03_РП_ОУД.10-ОБЗР_2026.zip,
ОТСУТСТВУЕТ ЛОКАЛЬНО,PDF,4 МБ,4201450,docs/obrazovanie/09.01.03_РП_ОУД.11-Информатика_2026-1.pdf,
ОТСУТСТВУЕТ ЛОКАЛЬНО,ZIP,3 МБ,4155024,docs/obrazovanie/09.01.03_РП_ОУД.11-Информатика_2026-1.zip,
ОТСУТСТВУЕТ ЛОКАЛЬНО,PDF,3 МБ,3620415,docs/obrazovanie/09.01.03_РП_ОУД.12-Индивидуальный-проект_2026.pdf,
ОТСУТСТВУЕТ ЛОКАЛЬНО,ZIP,3 МБ,3933948,docs/obrazovanie/09.01.03_РП_ОУД.12-Индивидуальный-проект_2026.zip,
ОТСУТСТВУЕТ ЛОКАЛЬНО,PDF,3 МБ,3843250,docs/obrazovanie/09.01.03_РП_ОУД.14-Физика_2026.pdf,
ОТСУТСТВУЕТ ЛОКАЛЬНО,ZIP,3 МБ,4076068,docs/obrazovanie/09.01.03_РП_ОУД.14-Физика_2026.zip,
ОТСУТСТВУЕТ ЛОКАЛЬНО,PDF,15 МБ,16273907,docs/obrazovanie/09.01.03_РП_Основы-финансовой-грамотности_2026.pdf,
ОТСУТСТВУЕТ ЛОКАЛЬНО,ZIP,16 МБ,16895999,docs/obrazovanie/09.01.03_РП_Основы-финансовой-грамотности_2026.zip,
ОТСУТСТВУЕТ ЛОКАЛЬНО,PDF,3 МБ,3852381,docs/obrazovanie/09.01.03_РП_ПМ.02_2026.pdf,
ОТСУТСТВУЕТ ЛОКАЛЬНО,ZIP,3 МБ,4078757,docs/obrazovanie/09.01.03_РП_ПМ.02_2026.zip,
ОТСУТСТВУЕТ ЛОКАЛЬНО,PDF,3 МБ,3752738,docs/obrazovanie/09.01.03_РП_СГ.01-История-России_2026-1.pdf,
ОТСУТСТВУЕТ ЛОКАЛЬНО,ZIP,3 МБ,3762460,docs/obrazovanie/09.01.03_РП_СГ.01-История-России_2026-1.zip,
ОТСУТСТВУЕТ ЛОКАЛЬНО,PDF,3 МБ,4161882,docs/obrazovanie/09.01.03_РП_СГ.02-Иностранный-язык-в-профессиональной-деятельности.pdf,
ОТСУТСТВУЕТ ЛОКАЛЬНО,ZIP,4 МБ,4450778,docs/obrazovanie/09.01.03_РП_СГ.02-Иностранный-язык-в-профессиональной-деятельности.zip,
ОТСУТСТВУЕТ ЛОКАЛЬНО,PDF,2 МБ,3038751,docs/obrazovanie/09.01.03_РП_СГ.03-БЖД_2026.pdf,
ОТСУТСТВУЕТ ЛОКАЛЬНО,ZIP,3 МБ,3323728,docs/obrazovanie/09.01.03_РП_СГ.03-БЖД_2026.zip,
ОТСУТСТВУЕТ ЛОКАЛЬНО,PDF,3 МБ,3913381,docs/obrazovanie/09.01.03_РП_СГ.04-Физическая-культура_2026-1.pdf,
ОТСУТСТВУЕТ ЛОКАЛЬНО,ZIP,4 МБ,4194708,docs/obrazovanie/09.01.03_РП_СГ.04-Физическая-культура_2026-1.zip,
ОТСУТСТВУЕТ ЛОКАЛЬНО,PDF,2 МБ,3007510,docs/obrazovanie/09.02.01-ОП-2024-с-изм.-на-01.07.2025.pdf,
ОТСУТСТВУЕТ ЛОКАЛЬНО,PDF,2 МБ,2674635,docs/obrazovanie/09.02.01_АОП_Компьютерные-системы-и-комплексы_2024.pdf,
ОТСУТСТВУЕТ ЛОКАЛЬНО,ZIP,2 МБ,2656383,docs/obrazovanie/09.02.01_АОП_Компьютерные-системы-и-комплексы_2024.zip,
ОТСУТСТВУЕТ ЛОКАЛЬНО,PDF,1 МБ,1759593,docs/obrazovanie/09.02.01_ГИА_2022.pdf,
ОТСУТСТВУЕТ ЛОКАЛЬНО,ZIP,1 МБ,1767381,docs/obrazovanie/09.02.01_ГИА_2022.zip,
ОТСУТСТВУЕТ ЛОКАЛЬНО,ZIP,2 МБ,2910367,docs/obrazovanie/09.02.01_ЕН.01_РП_Элементы-высшей-математики_2022.zip,
ОТСУТСТВУЕТ ЛОКАЛЬНО,ZIP,2 МБ,2732194,docs/obrazovanie/09.02.01_ЕН.02_РП_Теория-вероятностей_2022.zip,
ОТСУТСТВУЕТ ЛОКАЛЬНО,PDF,6 МБ,7094567,docs/obrazovanie/09.02.01_Календарный-план-ВР_2024-2025.pdf,
ОТСУТСТВУЕТ ЛОКАЛЬНО,ZIP,2 МБ,2429066,docs/obrazovanie/09.02.01_ОГСЭ.01_РП_Основы-философии_2022.zip,
ОТСУТСТВУЕТ ЛОКАЛЬНО,ZIP,2 МБ,2458689,docs/obrazovanie/09.02.01_ОГСЭ.02_РП_История_2022.zip,
ОТСУТСТВУЕТ ЛОКАЛЬНО,ZIP,2 МБ,2875348,docs/obrazovanie/09.02.01_ОГСЭ.03_РП_Ин.язык_2022.zip,
ОТСУТСТВУЕТ ЛОКАЛЬНО,ZIP,3 МБ,3264187,docs/obrazovanie/09.02.01_ОГСЭ.04_РП_Основы-фин.-грамотности_2022.zip,
ОТСУТСТВУЕТ ЛОКАЛЬНО,ZIP,458 КБ,469701,docs/obrazovanie/09.02.01_ОГСЭ.05_РП_Физ.-культура_2022.zip,
ОТСУТСТВУЕТ ЛОКАЛЬНО,ZIP,2 МБ,2532138,docs/obrazovanie/09.02.01_ОП.01_РП_Инжнерная-графика_2022.zip,
ОТСУТСТВУЕТ ЛОКАЛЬНО,ZIP,2 МБ,2545984,docs/obrazovanie/09.02.01_ОП.02_РП_Основы-электротехники_2022.zip,
ОТСУТСТВУЕТ ЛОКАЛЬНО,ZIP,2 МБ,2959351,docs/obrazovanie/09.02.01_ОП.03_РП_Прикладная-электроника_2022.zip,
ОТСУТСТВУЕТ ЛОКАЛЬНО,ZIP,2 МБ,2698079,docs/obrazovanie/09.02.01_ОП.04_РП_Электротехнические-измерения_2022.zip,
ОТСУТСТВУЕТ ЛОКАЛЬНО,ZIP,2 МБ,3018174,docs/obrazovanie/09.02.01_ОП.06_РП_Метрология_2022.zip,
ОТСУТСТВУЕТ ЛОКАЛЬНО,ZIP,2 МБ,3036923,docs/obrazovanie/09.02.01_ОП.07_РП_Операционные-системы_2022.zip,
ОТСУТСТВУЕТ ЛОКАЛЬНО,ZIP,3 МБ,3256327,docs/obrazovanie/09.02.01_ОП.08_РП_Дискретная-математика_2022.zip,
ОТСУТСТВУЕТ ЛОКАЛЬНО,ZIP,2 МБ,2762850,docs/obrazovanie/09.02.01_ОП.09_РП_Основы-алгоритмизации_2022.zip,
ОТСУТСТВУЕТ ЛОКАЛЬНО,ZIP,2 МБ,2746188,docs/obrazovanie/09.02.01_ОП.10_РП_Электропитание-средств-выч.-техники_2022.zip,
ОТСУТСТВУЕТ ЛОКАЛЬНО,ZIP,2 МБ,2822506,docs/obrazovanie/09.02.01_ОП.11_РП_ПО-сетей-и-Web-серверов_2022.zip,
ОТСУТСТВУЕТ ЛОКАЛЬНО,ZIP,2 МБ,2899259,docs/obrazovanie/09.02.01_ОП.12_РП_Компьютерные-сети_2022.zip,
ОТСУТСТВУЕТ ЛОКАЛЬНО,ZIP,2 МБ,2930186,docs/obrazovanie/09.02.01_ОП.13_РП_Защита-информации_2022.zip,
ОТСУТСТВУЕТ ЛОКАЛЬНО,ZIP,2 МБ,2554462,docs/obrazovanie/09.02.01_ОП.14_РП_Базы-данных_2022.zip,
ОТСУТСТВУЕТ ЛОКАЛЬНО,ZIP,2 МБ,2367445,docs/obrazovanie/09.02.01_ОП.15_РП_Компьютерная-графика_2022.zip,
ОТСУТСТВУЕТ ЛОКАЛЬНО,ZIP,2 МБ,2415461,docs/obrazovanie/09.02.01_ОП.16_РП_Экономика-организации_2022.zip,
ОТСУТСТВУЕТ ЛОКАЛЬНО,ZIP,2 МБ,2945392,docs/obrazovanie/09.02.01_ОП.17_РП_БЖД_2022.zip,
ОТСУТСТВУЕТ ЛОКАЛЬНО,ZIP,2 МБ,3028743,docs/obrazovanie/09.02.01_ОП.18_РП_Введение-в-специальность_2022.zip,
ОТСУТСТВУЕТ ЛОКАЛЬНО,PDF,2 МБ,2548012,docs/obrazovanie/09.02.01_ОП_2025.pdf,
ОТСУТСТВУЕТ ЛОКАЛЬНО,PDF,4 МБ,4643186,docs/obrazovanie/09.02.01_ОПОП_2023.pdf,
ОТСУТСТВУЕТ ЛОКАЛЬНО,ZIP,4 МБ,4452014,docs/obrazovanie/09.02.01_ОПОП_2023.zip,
ОТСУТСТВУЕТ ЛОКАЛЬНО,PDF,2 МБ,3045105,docs/obrazovanie/09.02.01_ППССЗ_2022-1.pdf,
ОТСУТСТВУЕТ ЛОКАЛЬНО,ZIP,3 МБ,3250855,docs/obrazovanie/09.02.01_ППССЗ_2022.zip,
ОТСУТСТВУЕТ ЛОКАЛЬНО,ZIP,3 МБ,3250855,docs/obrazovanie/09.02.01_ППССЗ_2024.zip,
ОТСУТСТВУЕТ ЛОКАЛЬНО,PDF,1 МБ,1640091,docs/obrazovanie/09.02.01_Программа-ГИА_2023-2024.pdf,
ОТСУТСТВУЕТ ЛОКАЛЬНО,ZIP,3 МБ,3217430,docs/obrazovanie/09.02.01_Программа-ГИА_2023-2024.zip,
ОТСУТСТВУЕТ ЛОКАЛЬНО,PDF,1 МБ,1303086,docs/obrazovanie/09.02.01_Программа-ГИА_2025-2026.pdf,
ОТСУТСТВУЕТ ЛОКАЛЬНО,ZIP,1 МБ,1169032,docs/obrazovanie/09.02.01_Программа-ГИА_2025-2026.zip,
ОТСУТСТВУЕТ ЛОКАЛЬНО,PDF,1 МБ,1685533,docs/obrazovanie/09.02.01_РП_ОП.01_Элементы-высшей-математики_2023.pdf,
ОТСУТСТВУЕТ ЛОКАЛЬНО,ZIP,2 МБ,2146032,docs/obrazovanie/09.02.01_РП_ОП.01_Элементы-высшей-математики_2023.zip,
ОТСУТСТВУЕТ ЛОКАЛЬНО,PDF,1 МБ,1585441,docs/obrazovanie/09.02.01_РП_ОП.01_Элементы-высшей-математики_2025.pdf,
ОТСУТСТВУЕТ ЛОКАЛЬНО,PDF,1 МБ,1590498,docs/obrazovanie/09.02.01_РП_ОП.02_Дискретная-математика_2023.pdf,
ОТСУТСТВУЕТ ЛОКАЛЬНО,ZIP,1 МБ,2025970,docs/obrazovanie/09.02.01_РП_ОП.02_Дискретная-математика_2023.zip,
ОТСУТСТВУЕТ ЛОКАЛЬНО,PDF,1 МБ,1537151,docs/obrazovanie/09.02.01_РП_ОП.02_Дискретная-математика_2024.pdf,
ОТСУТСТВУЕТ ЛОКАЛЬНО,ZIP,2 МБ,2099855,docs/obrazovanie/09.02.01_РП_ОП.02_Дискретная-математика_2024.zip,
ОТСУТСТВУЕТ ЛОКАЛЬНО,PDF,1 МБ,1556753,docs/obrazovanie/09.02.01_РП_ОП.02_Дискретная-математика_2025.pdf,
ОТСУТСТВУЕТ ЛОКАЛЬНО,PDF,1 МБ,1249946,docs/obrazovanie/09.02.01_РП_ОП.03_Инженерная-комп.-графика_2023.pdf,
ОТСУТСТВУЕТ ЛОКАЛЬНО,PDF,1 МБ,1311134,docs/obrazovanie/09.02.01_РП_ОП.03_Инженерная-комп.-графика_2025.pdf,
ОТСУТСТВУЕТ ЛОКАЛЬНО,PDF,1 МБ,1299675,docs/obrazovanie/09.02.01_РП_ОП.04_Основы-электротехники_2023.pdf,
ОТСУТСТВУЕТ ЛОКАЛЬНО,PDF,1 МБ,1470234,docs/obrazovanie/09.02.01_РП_ОП.04_Основы-электротехники_2025.pdf,
ОТСУТСТВУЕТ ЛОКАЛЬНО,PDF,1 МБ,1486965,docs/obrazovanie/09.02.01_РП_ОП.05_Операционные-системы-и-среды_2023.pdf,
ОТСУТСТВУЕТ ЛОКАЛЬНО,ZIP,1 МБ,1917072,docs/obrazovanie/09.02.01_РП_ОП.05_Операционные-системы-и-среды_2023.zip,
ОТСУТСТВУЕТ ЛОКАЛЬНО,PDF,1 МБ,1459222,docs/obrazovanie/09.02.01_РП_ОП.05_Операционные-системы-и-среды_2025.pdf,
ОТСУТСТВУЕТ ЛОКАЛЬНО,PDF,1 МБ,1403180,docs/obrazovanie/09.02.01_РП_ОП.06_Основы-алгоритмизации_2023.pdf,
ОТСУТСТВУЕТ ЛОКАЛЬНО,ZIP,1 МБ,1917050,docs/obrazovanie/09.02.01_РП_ОП.06_Основы-алгоритмизации_2023.zip,
ОТСУТСТВУЕТ ЛОКАЛЬНО,PDF,1 МБ,1405357,docs/obrazovanie/09.02.01_РП_ОП.06_Основы-алгоритмизации_2025.pdf,
ОТСУТСТВУЕТ ЛОКАЛЬНО,PDF,1 МБ,1212395,docs/obrazovanie/09.02.01_РП_ОП.07_Метрология-и-электротех.измерения_2023.pdf,
ОТСУТСТВУЕТ ЛОКАЛЬНО,ZIP,5 МБ,5547183,docs/obrazovanie/09.02.01_РП_ОП.07_Метрология-и-электротех.измерения_2023.zip,
ОТСУТСТВУЕТ ЛОКАЛЬНО,PDF,670 КБ,686478,docs/obrazovanie/09.02.01_РП_ОП.07_Метрология-и-электротех.измерения_2025.pdf,
ОТСУТСТВУЕТ ЛОКАЛЬНО,PDF,1 МБ,1175142,docs/obrazovanie/09.02.01_РП_ОП.08_Инфор.-технологии_2023.pdf,
ОТСУТСТВУЕТ ЛОКАЛЬНО,ZIP,5 МБ,5495427,docs/obrazovanie/09.02.01_РП_ОП.08_Инфор.-технологии_2023.zip,
ОТСУТСТВУЕТ ЛОКАЛЬНО,PDF,1 МБ,1550272,docs/obrazovanie/09.02.01_РП_ОП.08_Информационные-технологии_2025.pdf,
ОТСУТСТВУЕТ ЛОКАЛЬНО,PDF,1 МБ,1367316,docs/obrazovanie/09.02.01_РП_ОП.09_Устр-во-и-принципы-работы-КС_2023.pdf,
ОТСУТСТВУЕТ ЛОКАЛЬНО,ZIP,5 МБ,5716568,docs/obrazovanie/09.02.01_РП_ОП.09_Устр-во-и-принципы-работы-КС_2023.zip,
ОТСУТСТВУЕТ ЛОКАЛЬНО,PDF,1 МБ,1465430,docs/obrazovanie/09.02.01_РП_ОП.09_Устр-во-и-принципы-работы-КС_2024.pdf,
ОТСУТСТВУЕТ ЛОКАЛЬНО,ZIP,1 МБ,2044803,docs/obrazovanie/09.02.01_РП_ОП.09_Устр-во-и-принципы-работы-КС_2024.zip,
ОТСУТСТВУЕТ ЛОКАЛЬНО,PDF,1 МБ,1361939,docs/obrazovanie/09.02.01_РП_ОП.09_Устр-во-и-принципы-работы-КС_2025.pdf,
ОТСУТСТВУЕТ ЛОКАЛЬНО,PDF,1 МБ,1240966,docs/obrazovanie/09.02.01_РП_ОП.10_Компьютерные-сети_2023.pdf,
ОТСУТСТВУЕТ ЛОКАЛЬНО,ZIP,5 МБ,5542000,docs/obrazovanie/09.02.01_РП_ОП.10_Компьютерные-сети_2023.zip,
ОТСУТСТВУЕТ ЛОКАЛЬНО,PDF,1 МБ,1460818,docs/obrazovanie/09.02.01_РП_ОП.10_Компьютерные-сети_2024.pdf,
ОТСУТСТВУЕТ ЛОКАЛЬНО,ZIP,1 МБ,2018863,docs/obrazovanie/09.02.01_РП_ОП.10_Компьютерные-сети_2024.zip,
ОТСУТСТВУЕТ ЛОКАЛЬНО,PDF,1 МБ,1312840,docs/obrazovanie/09.02.01_РП_ОП.10_Компьютерные-сети_2025.pdf,
ОТСУТСТВУЕТ ЛОКАЛЬНО,PDF,1 МБ,1059134,docs/obrazovanie/09.02.01_РП_ОП.11_Электропитание-СВТ_2025.pdf,
ОТСУТСТВУЕТ ЛОКАЛЬНО,PDF,267 КБ,274094,docs/obrazovanie/09.02.01_РП_ОП.11_Электропитание-СВЧ_2023-1.pdf,
ОТСУТСТВУЕТ ЛОКАЛЬНО,ZIP,5 МБ,5633138,docs/obrazovanie/09.02.01_РП_ОП.11_Электропитание-СВЧ_2023.zip,
ОТСУТСТВУЕТ ЛОКАЛЬНО,PDF,1 МБ,1506700,docs/obrazovanie/09.02.01_РП_ОП.12_Организация-работы-коллектива_2023.pdf,
ОТСУТСТВУЕТ ЛОКАЛЬНО,ZIP,5 МБ,5885522,docs/obrazovanie/09.02.01_РП_ОП.12_Организация-работы-коллектива_2023.zip,
ОТСУТСТВУЕТ ЛОКАЛЬНО,PDF,1 МБ,1630612,docs/obrazovanie/09.02.01_РП_ОП.12_Организация-работы-коллектива_2024.pdf,
ОТСУТСТВУЕТ ЛОКАЛЬНО,ZIP,2 МБ,2199326,docs/obrazovanie/09.02.01_РП_ОП.12_Организация-работы-коллектива_2024.zip,
ОТСУТСТВУЕТ ЛОКАЛЬНО,PDF,1 МБ,1429400,docs/obrazovanie/09.02.01_РП_ОП.12_Организация-работы-коллектива_2025.pdf,
ОТСУТСТВУЕТ ЛОКАЛЬНО,PDF,1 МБ,1421675,docs/obrazovanie/09.02.01_РП_ОП.13_Информ.-безопасность-в-КСК_2024.pdf,
ОТСУТСТВУЕТ ЛОКАЛЬНО,ZIP,1 МБ,1984382,docs/obrazovanie/09.02.01_РП_ОП.13_Информ.-безопасность-в-КСК_2024.zip,
ОТСУТСТВУЕТ ЛОКАЛЬНО,PDF,1 МБ,1697316,docs/obrazovanie/09.02.01_РП_ОП.13_Информационная-безопасность-в-компьютерных-системах_2023.pdf,
ОТСУТСТВУЕТ ЛОКАЛЬНО,ZIP,5 МБ,6086894,docs/obrazovanie/09.02.01_РП_ОП.13_Информационная-безопасность-в-компьютерных-системах_2023.zip,
ОТСУТСТВУЕТ ЛОКАЛЬНО,PDF,1 МБ,1386051,docs/obrazovanie/09.02.01_РП_ОП.13_Информационная-безопасность_2025.pdf,
ОТСУТСТВУЕТ ЛОКАЛЬНО,PDF,1 МБ,1378094,docs/obrazovanie/09.02.01_РП_ОП.14_Экономика-организации_2023.pdf,
ОТСУТСТВУЕТ ЛОКАЛЬНО,ZIP,5 МБ,5645768,docs/obrazovanie/09.02.01_РП_ОП.14_Экономика-организации_2023.zip,
ОТСУТСТВУЕТ ЛОКАЛЬНО,PDF,1 МБ,1662064,docs/obrazovanie/09.02.01_РП_ОП.14_Экономика-организации_2024.pdf,
ОТСУТСТВУЕТ ЛОКАЛЬНО,ZIP,2 МБ,2229730,docs/obrazovanie/09.02.01_РП_ОП.14_Экономика-организации_2024.zip,
ОТСУТСТВУЕТ ЛОКАЛЬНО,PDF,1 МБ,1596405,docs/obrazovanie/09.02.01_РП_ОП.14_Экономика-организации_2025.pdf,
ОТСУТСТВУЕТ ЛОКАЛЬНО,PDF,1 МБ,1400498,docs/obrazovanie/09.02.01_РП_ОП.15_Мультимедийные-технологии_2025.pdf,
ОТСУТСТВУЕТ ЛОКАЛЬНО,PDF,2 МБ,2268413,docs/obrazovanie/09.02.01_РП_ОУД.01_Русский-язык_2025.pdf,
ОТСУТСТВУЕТ ЛОКАЛЬНО,PDF,2 МБ,2379578,docs/obrazovanie/09.02.01_РП_ОУД.02_Литература_2025.pdf,
ОТСУТСТВУЕТ ЛОКАЛЬНО,PDF,2 МБ,2190499,docs/obrazovanie/09.02.01_РП_ОУД.03_Ин.-язык_2025.pdf,
ОТСУТСТВУЕТ ЛОКАЛЬНО,PDF,2 МБ,2115435,docs/obrazovanie/09.02.01_РП_ОУД.04_История_2025.pdf,
ОТСУТСТВУЕТ ЛОКАЛЬНО,PDF,2 МБ,2422659,docs/obrazovanie/09.02.01_РП_ОУД.05_Обществознание_2025.pdf,
ОТСУТСТВУЕТ ЛОКАЛЬНО,PDF,1 МБ,1964128,docs/obrazovanie/09.02.01_РП_ОУД.06_Химия_2025.pdf,
ОТСУТСТВУЕТ ЛОКАЛЬНО,PDF,1 МБ,1950301,docs/obrazovanie/09.02.01_РП_ОУД.07_Биология_2025.pdf,
ОТСУТСТВУЕТ ЛОКАЛЬНО,PDF,1 МБ,2033599,docs/obrazovanie/09.02.01_РП_ОУД.08_География_2025.pdf,
ОТСУТСТВУЕТ ЛОКАЛЬНО,PDF,1 МБ,1776198,docs/obrazovanie/09.02.01_РП_ОУД.09_Физ.-культура_2025.pdf,
ОТСУТСТВУЕТ ЛОКАЛЬНО,PDF,2 МБ,2348819,docs/obrazovanie/09.02.01_РП_ОУД.10_ОБЗР_2025.pdf,
ОТСУТСТВУЕТ ЛОКАЛЬНО,PDF,1 МБ,1832089,docs/obrazovanie/09.02.01_РП_ОУД.11_ИП_Физика_2025-.pdf,
ОТСУТСТВУЕТ ЛОКАЛЬНО,PDF,2 МБ,2313559,docs/obrazovanie/09.02.01_РП_ОУД.12_Математика_2025.pdf,
ОТСУТСТВУЕТ ЛОКАЛЬНО,PDF,1 МБ,1949666,docs/obrazovanie/09.02.01_РП_ОУД.13_Информатика_2025.pdf,
ОТСУТСТВУЕТ ЛОКАЛЬНО,PDF,1 МБ,1992542,docs/obrazovanie/09.02.01_РП_ОУД.14_Физика_2025.pdf,
ОТСУТСТВУЕТ ЛОКАЛЬНО,PDF,1 МБ,2074130,docs/obrazovanie/09.02.01_РП_ПM.01_2025.pdf,
ОТСУТСТВУЕТ ЛОКАЛЬНО,PDF,1 МБ,1878335,docs/obrazovanie/09.02.01_РП_ПМ.01_2023.pdf,
ОТСУТСТВУЕТ ЛОКАЛЬНО,ZIP,5 МБ,6179204,docs/obrazovanie/09.02.01_РП_ПМ.01_2023.zip,
ОТСУТСТВУЕТ ЛОКАЛЬНО,PDF,1 МБ,1970991,docs/obrazovanie/09.02.01_РП_ПМ.01_2024.pdf,
ОТСУТСТВУЕТ ЛОКАЛЬНО,ZIP,1 МБ,1903376,docs/obrazovanie/09.02.01_РП_ПМ.01_2024.zip,
ОТСУТСТВУЕТ ЛОКАЛЬНО,PDF,2 МБ,2397060,docs/obrazovanie/09.02.01_РП_ПМ.02_2023.pdf,
ОТСУТСТВУЕТ ЛОКАЛЬНО,ZIP,6 МБ,6538791,docs/obrazovanie/09.02.01_РП_ПМ.02_2023.zip,
ОТСУТСТВУЕТ ЛОКАЛЬНО,PDF,2 МБ,2288708,docs/obrazovanie/09.02.01_РП_ПМ.02_2024.pdf,
ОТСУТСТВУЕТ ЛОКАЛЬНО,ZIP,1 МБ,2033218,docs/obrazovanie/09.02.01_РП_ПМ.02_2024.zip,
ОТСУТСТВУЕТ ЛОКАЛЬНО,PDF,2 МБ,2610012,docs/obrazovanie/09.02.01_РП_ПМ.02_2025.pdf,
ОТСУТСТВУЕТ ЛОКАЛЬНО,PDF,1 МБ,1817836,docs/obrazovanie/09.02.01_РП_ПМ.03_2023.pdf,
ОТСУТСТВУЕТ ЛОКАЛЬНО,ZIP,5 МБ,6128739,docs/obrazovanie/09.02.01_РП_ПМ.03_2023.zip,
ОТСУТСТВУЕТ ЛОКАЛЬНО,PDF,1 МБ,1990146,docs/obrazovanie/09.02.01_РП_ПМ.03_2024.pdf,
ОТСУТСТВУЕТ ЛОКАЛЬНО,ZIP,1 МБ,1942948,docs/obrazovanie/09.02.01_РП_ПМ.03_2024.zip,
ОТСУТСТВУЕТ ЛОКАЛЬНО,PDF,2 МБ,2202907,docs/obrazovanie/09.02.01_РП_ПМ.03_2025.pdf,
ОТСУТСТВУЕТ ЛОКАЛЬНО,PDF,1 МБ,1740184,docs/obrazovanie/09.02.01_РП_ПМ.04_2023.pdf,
ОТСУТСТВУЕТ ЛОКАЛЬНО,ZIP,5 МБ,6047378,docs/obrazovanie/09.02.01_РП_ПМ.04_2023.zip,
ОТСУТСТВУЕТ ЛОКАЛЬНО,PDF,1 МБ,1584365,docs/obrazovanie/09.02.01_РП_ПМ.04_2025.pdf,
ОТСУТСТВУЕТ ЛОКАЛЬНО,PDF,1 МБ,1556405,docs/obrazovanie/09.02.01_РП_СГ.01_История-России_2023.pdf,
ОТСУТСТВУЕТ ЛОКАЛЬНО,ZIP,5 МБ,5889105,docs/obrazovanie/09.02.01_РП_СГ.01_История-России_2023.zip,
ОТСУТСТВУЕТ ЛОКАЛЬНО,PDF,1 МБ,1726712,docs/obrazovanie/09.02.01_РП_СГ.01_История-России_2024_с-изм.-на-01.07.2025.pdf,
ОТСУТСТВУЕТ ЛОКАЛЬНО,PDF,1 МБ,1572900,docs/obrazovanie/09.02.01_РП_СГ.01_История-России_2025.pdf,
ОТСУТСТВУЕТ ЛОКАЛЬНО,PDF,1 МБ,1888004,docs/obrazovanie/09.02.01_РП_СГ.02_Ин.-язык-в-проф.-деятельности_2024_с-изм.-на-01.07.2025.pdf,
ОТСУТСТВУЕТ ЛОКАЛЬНО,PDF,1 МБ,1966280,docs/obrazovanie/09.02.01_РП_СГ.02_Ин.-язык-в-проф.-деятельности_2025.pdf,
ОТСУТСТВУЕТ ЛОКАЛЬНО,PDF,1 МБ,1585634,docs/obrazovanie/09.02.01_РП_СГ.02_Ин.язык-в-проф.деятельности_2023.pdf,
ОТСУТСТВУЕТ ЛОКАЛЬНО,ZIP,5 МБ,5883444,docs/obrazovanie/09.02.01_РП_СГ.02_Ин.язык-в-проф.деятельности_2023.zip,
ОТСУТСТВУЕТ ЛОКАЛЬНО,PDF,1 МБ,1796731,docs/obrazovanie/09.02.01_РП_СГ.03_БЖД_2023.pdf,
ОТСУТСТВУЕТ ЛОКАЛЬНО,ZIP,5 МБ,6077126,docs/obrazovanie/09.02.01_РП_СГ.03_БЖД_2023.zip,
ОТСУТСТВУЕТ ЛОКАЛЬНО,PDF,768 КБ,787283,docs/obrazovanie/09.02.01_РП_СГ.03_БЖД_2024-с-изм.-на-01.07.2025.pdf,
ОТСУТСТВУЕТ ЛОКАЛЬНО,PDF,1 МБ,1775869,docs/obrazovanie/09.02.01_РП_СГ.03_БЖД_2025.pdf,
ОТСУТСТВУЕТ ЛОКАЛЬНО,PDF,782 КБ,801038,docs/obrazovanie/09.02.01_РП_СГ.04_Физ.-культура_2023.pdf,
ОТСУТСТВУЕТ ЛОКАЛЬНО,ZIP,4 МБ,5181827,docs/obrazovanie/09.02.01_РП_СГ.04_Физ.-культура_2023.zip,
ОТСУТСТВУЕТ ЛОКАЛЬНО,PDF,1 МБ,1568917,docs/obrazovanie/09.02.01_РП_СГ.04_Физ.-культура_2024-с-изм.-на-01.07.2025.pdf,
ОТСУТСТВУЕТ ЛОКАЛЬНО,PDF,1 МБ,1967798,docs/obrazovanie/09.02.01_РП_СГ.04_Физ.-культура_2025.pdf,
ОТСУТСТВУЕТ ЛОКАЛЬНО,PDF,1 МБ,1477053,docs/obrazovanie/09.02.01_РП_СГ.05_Основы-фин-грамотности_2024-с-изм.-на-01.07.2025.pdf,
ОТСУТСТВУЕТ ЛОКАЛЬНО,PDF,750 КБ,768686,docs/obrazovanie/09.02.01_РП_СГ.05_Основы-фин.-грамотности_2023.pdf,
ОТСУТСТВУЕТ ЛОКАЛЬНО,ZIP,4 МБ,5132651,docs/obrazovanie/09.02.01_РП_СГ.05_Основы-фин.-грамотности_2023.zip,
ОТСУТСТВУЕТ ЛОКАЛЬНО,PDF,1 МБ,1668007,docs/obrazovanie/09.02.01_РП_СГ.05_Основы-фин.-грамотности_2025.pdf,
ОТСУТСТВУЕТ ЛОКАЛЬНО,PDF,2 МБ,2124994,docs/obrazovanie/09.02.01_РП_УП_2025.pdf,
ОТСУТСТВУЕТ ЛОКАЛЬНО,PDF,866 КБ,887392,docs/obrazovanie/09.02.01_УП_2023.pdf,
ОТСУТСТВУЕТ ЛОКАЛЬНО,ZIP,4 МБ,5208964,docs/obrazovanie/09.02.01_УП_2023.zip,
ОТСУТСТВУЕТ ЛОКАЛЬНО,ZIP,16 МБ,17421417,docs/obrazovanie/15.01.05-ОУД.06-Химия_2024.zip,
ОТСУТСТВУЕТ ЛОКАЛЬНО,DOCX,1 МБ,1956930,docs/obrazovanie/15.01.05_АОП_-Сварщик_2024.docx,
ОТСУТСТВУЕТ ЛОКАЛЬНО,ZIP,1 МБ,1956620,docs/obrazovanie/15.01.05_АОП_-Сварщик_2024.zip,
ОТСУТСТВУЕТ ЛОКАЛЬНО,PDF,6 МБ,7097876,docs/obrazovanie/15.01.05_Календарный-план-ВР_2024-2025.pdf,
ОТСУТСТВУЕТ ЛОКАЛЬНО,DOCX,5 МБ,5921687,docs/obrazovanie/15.01.05_ОПОП_2024.docx,
ОТСУТСТВУЕТ ЛОКАЛЬНО,ZIP,1 МБ,1597855,docs/obrazovanie/15.01.05_ОПОП_2024.zip,
ОТСУТСТВУЕТ ЛОКАЛЬНО,ZIP,2 МБ,2601101,docs/obrazovanie/15.01.05_ОПОП_Сварщик_2021.zip,
ОТСУТСТВУЕТ ЛОКАЛЬНО,PDF,1 МБ,1448531,docs/obrazovanie/15.01.05_Программа-ГИА_2025-2026.pdf,
ОТСУТСТВУЕТ ЛОКАЛЬНО,ZIP,1 МБ,1347180,docs/obrazovanie/15.01.05_Программа-ГИА_2025-2026.zip,
ОТСУТСТВУЕТ ЛОКАЛЬНО,PDF,2 МБ,3130421,docs/obrazovanie/15.01.05_РП_ОП.01-Основы-инженерной-графики.pdf,
ОТСУТСТВУЕТ ЛОКАЛЬНО,ZIP,3 МБ,3699563,docs/obrazovanie/15.01.05_РП_ОП.01-Основы-инженерной-графики.zip,
ОТСУТСТВУЕТ ЛОКАЛЬНО,PDF,2 МБ,3004537,docs/obrazovanie/15.01.05_РП_ОП.02-Основы-электротехники_2025.pdf,
ОТСУТСТВУЕТ ЛОКАЛЬНО,ZIP,3 МБ,3578766,docs/obrazovanie/15.01.05_РП_ОП.02-Основы-электротехники_2025.zip,
ОТСУТСТВУЕТ ЛОКАЛЬНО,DOCX,30 КБ,31434,docs/obrazovanie/15.01.05_РП_ОП.03-Материаловедение_2024.docx,
ОТСУТСТВУЕТ ЛОКАЛЬНО,ZIP,886 КБ,907565,docs/obrazovanie/15.01.05_РП_ОП.03-Материаловедение_2024.zip,
ОТСУТСТВУЕТ ЛОКАЛЬНО,DOCX,8 МБ,9077276,docs/obrazovanie/15.01.05_РП_ОП.04-Допуски-и-технические-измерения_2024.docx,
ОТСУТСТВУЕТ ЛОКАЛЬНО,ZIP,9 МБ,9944511,docs/obrazovanie/15.01.05_РП_ОП.04-Допуски-и-технические-измерения_2024.zip,
ОТСУТСТВУЕТ ЛОКАЛЬНО,DOCX,4 МБ,5185514,docs/obrazovanie/15.01.05_РП_ОП.05_Основы-бережливого-производства_2024.docx,
ОТСУТСТВУЕТ ЛОКАЛЬНО,ZIP,5 МБ,6052227,docs/obrazovanie/15.01.05_РП_ОП.05_Основы-бережливого-производства_2024.zip,
ОТСУТСТВУЕТ ЛОКАЛЬНО,ZIP,9 МБ,9545439,docs/obrazovanie/15.01.05_РП_ОУД.-01-Русский-язык_2024.zip,
ОТСУТСТВУЕТ ЛОКАЛЬНО,PDF,3 МБ,4028937,docs/obrazovanie/15.01.05_РП_ОУД.-01-Русский-язык_2025.pdf,
ОТСУТСТВУЕТ ЛОКАЛЬНО,ZIP,4 МБ,4566467,docs/obrazovanie/15.01.05_РП_ОУД.-01-Русский-язык_2025.zip,
ОТСУТСТВУЕТ ЛОКАЛЬНО,PDF,4 МБ,4647282,docs/obrazovanie/15.01.05_РП_ОУД.-02-Литература_2025.pdf,
ОТСУТСТВУЕТ ЛОКАЛЬНО,ZIP,4 МБ,5049834,docs/obrazovanie/15.01.05_РП_ОУД.-02-Литература_2025.zip,
ОТСУТСТВУЕТ ЛОКАЛЬНО,ZIP,7 МБ,7938990,docs/obrazovanie/15.01.05_РП_ОУД.-03-Иностранный-язык-английский_2024.zip,
ОТСУТСТВУЕТ ЛОКАЛЬНО,PDF,4 МБ,4573531,docs/obrazovanie/15.01.05_РП_ОУД.-04-История_2025.pdf,
ОТСУТСТВУЕТ ЛОКАЛЬНО,ZIP,4 МБ,5025229,docs/obrazovanie/15.01.05_РП_ОУД.-04-История_2025.zip,
ОТСУТСТВУЕТ ЛОКАЛЬНО,PDF,4 МБ,4551628,docs/obrazovanie/15.01.05_РП_ОУД.-05-Обществознание_2025.pdf,
ОТСУТСТВУЕТ ЛОКАЛЬНО,ZIP,4 МБ,5020112,docs/obrazovanie/15.01.05_РП_ОУД.-05-Обществознание_2025.zip,
ОТСУТСТВУЕТ ЛОКАЛЬНО,PDF,3 МБ,4053269,docs/obrazovanie/15.01.05_РП_ОУД.-07-Биология_2025.pdf,
ОТСУТСТВУЕТ ЛОКАЛЬНО,ZIP,4 МБ,4557891,docs/obrazovanie/15.01.05_РП_ОУД.-07-Биология_2025.zip,
ОТСУТСТВУЕТ ЛОКАЛЬНО,PDF,4 МБ,4245742,docs/obrazovanie/15.01.05_РП_ОУД.-08-География_2025.pdf,
ОТСУТСТВУЕТ ЛОКАЛЬНО,ZIP,4 МБ,4751624,docs/obrazovanie/15.01.05_РП_ОУД.-08-География_2025.zip,
ОТСУТСТВУЕТ ЛОКАЛЬНО,ZIP,13 МБ,14429346,docs/obrazovanie/15.01.05_РП_ОУД.-10-ОБЗР_2024.zip,
ОТСУТСТВУЕТ ЛОКАЛЬНО,ZIP,6 МБ,6832343,docs/obrazovanie/15.01.05_РП_ОУД.-14-Физика_2024.zip,
ОТСУТСТВУЕТ ЛОКАЛЬНО,PDF,3 МБ,3770133,docs/obrazovanie/15.01.05_РП_ОУД.-14-Физика_2025.pdf,
ОТСУТСТВУЕТ ЛОКАЛЬНО,ZIP,4 МБ,4265202,docs/obrazovanie/15.01.05_РП_ОУД.-14-Физика_2025.zip,
ОТСУТСТВУЕТ ЛОКАЛЬНО,DOC,15 МБ,15745536,docs/obrazovanie/15.01.05_РП_ОУД.01-Русский-язык_2024.doc,
ОТСУТСТВУЕТ ЛОКАЛЬНО,DOCX,6 МБ,7076184,docs/obrazovanie/15.01.05_РП_ОУД.03-Иностранный-язык-английский_2024.docx,
ОТСУТСТВУЕТ ЛОКАЛЬНО,PDF,3 МБ,3954914,docs/obrazovanie/15.01.05_РП_ОУД.03-Иностранный-язык_2025.pdf,
ОТСУТСТВУЕТ ЛОКАЛЬНО,ZIP,4 МБ,4477026,docs/obrazovanie/15.01.05_РП_ОУД.03-Иностранный-язык_2025.zip,
ОТСУТСТВУЕТ ЛОКАЛЬНО,DOCX,7 МБ,8343294,docs/obrazovanie/15.01.05_РП_ОУД.04-История_2024.docx,
ОТСУТСТВУЕТ ЛОКАЛЬНО,ZIP,8 МБ,9206023,docs/obrazovanie/15.01.05_РП_ОУД.04-История_2024.zip,
ОТСУТСТВУЕТ ЛОКАЛЬНО,DOC,19 МБ,20233728,docs/obrazovanie/15.01.05_РП_ОУД.05-Обществознание_2024.doc,
ОТСУТСТВУЕТ ЛОКАЛЬНО,ZIP,14 МБ,15318732,docs/obrazovanie/15.01.05_РП_ОУД.05-Обществознание_2024.zip,
ОТСУТСТВУЕТ ЛОКАЛЬНО,DOCX,8 МБ,8727732,docs/obrazovanie/15.01.05_РП_ОУД.06-Химия_2024.docx,
ОТСУТСТВУЕТ ЛОКАЛЬНО,PDF,4 МБ,4199817,docs/obrazovanie/15.01.05_РП_ОУД.06-Химия_2025.pdf,
ОТСУТСТВУЕТ ЛОКАЛЬНО,ZIP,4 МБ,4702174,docs/obrazovanie/15.01.05_РП_ОУД.06-Химия_2025.zip,
ОТСУТСТВУЕТ ЛОКАЛЬНО,DOCX,7 МБ,8114346,docs/obrazovanie/15.01.05_РП_ОУД.07-Биология_2024.docx,
ОТСУТСТВУЕТ ЛОКАЛЬНО,ZIP,8 МБ,8975380,docs/obrazovanie/15.01.05_РП_ОУД.07-Биология_2024.zip,
ОТСУТСТВУЕТ ЛОКАЛЬНО,DOCX,8 МБ,9400124,docs/obrazovanie/15.01.05_РП_ОУД.08-География_2024.docx,
ОТСУТСТВУЕТ ЛОКАЛЬНО,ZIP,9 МБ,10263224,docs/obrazovanie/15.01.05_РП_ОУД.08-География_2024.zip,
ОТСУТСТВУЕТ ЛОКАЛЬНО,DOCX,12 МБ,13272320,docs/obrazovanie/15.01.05_РП_ОУД.09-Физическая-культура_2024.docx,
ОТСУТСТВУЕТ ЛОКАЛЬНО,ZIP,13 МБ,14132162,docs/obrazovanie/15.01.05_РП_ОУД.09-Физическая-культура_2024.zip,
ОТСУТСТВУЕТ ЛОКАЛЬНО,PDF,4 МБ,4267890,docs/obrazovanie/15.01.05_РП_ОУД.09-Физическая-культура_2025.pdf,
ОТСУТСТВУЕТ ЛОКАЛЬНО,ZIP,4 МБ,4785063,docs/obrazovanie/15.01.05_РП_ОУД.09-Физическая-культура_2025.zip,
ОТСУТСТВУЕТ ЛОКАЛЬНО,DOCX,12 МБ,13566369,docs/obrazovanie/15.01.05_РП_ОУД.10-ОБЗР_2024.docx,
ОТСУТСТВУЕТ ЛОКАЛЬНО,PDF,4 МБ,4699658,docs/obrazovanie/15.01.05_РП_ОУД.10-ОБЗР_2025.pdf,
ОТСУТСТВУЕТ ЛОКАЛЬНО,ZIP,4 МБ,5184955,docs/obrazovanie/15.01.05_РП_ОУД.10-ОБЗР_2025.zip,
ОТСУТСТВУЕТ ЛОКАЛЬНО,PDF,2 МБ,2746010,docs/obrazovanie/15.01.05_РП_ОУД.11-Индивидуальный-проект_2025.pdf,
ОТСУТСТВУЕТ ЛОКАЛЬНО,ZIP,3 МБ,3296177,docs/obrazovanie/15.01.05_РП_ОУД.11-Индивидуальный-проект_2025.zip,
ОТСУТСТВУЕТ ЛОКАЛЬНО,DOCX,147 КБ,150994,docs/obrazovanie/15.01.05_РП_ОУД.12-Математика_2024.docx,
ОТСУТСТВУЕТ ЛОКАЛЬНО,ZIP,1000 КБ,1024340,docs/obrazovanie/15.01.05_РП_ОУД.12-Математика_2024.zip,
ОТСУТСТВУЕТ ЛОКАЛЬНО,PDF,4 МБ,4769667,docs/obrazovanie/15.01.05_РП_ОУД.12-Математика_2025.pdf,
ОТСУТСТВУЕТ ЛОКАЛЬНО,ZIP,4 МБ,5149140,docs/obrazovanie/15.01.05_РП_ОУД.12-Математика_2025.zip,
ОТСУТСТВУЕТ ЛОКАЛЬНО,PDF,4 МБ,4225017,docs/obrazovanie/15.01.05_РП_ОУД.13-Информатика_2025.pdf,
ОТСУТСТВУЕТ ЛОКАЛЬНО,ZIP,4 МБ,4758208,docs/obrazovanie/15.01.05_РП_ОУД.13-Информатика_2025.zip,
ОТСУТСТВУЕТ ЛОКАЛЬНО,DOCX,16 МБ,17357821,docs/obrazovanie/15.01.05_РП_ОУД.14-Индивидуальный-проект_2024.docx,
ОТСУТСТВУЕТ ЛОКАЛЬНО,ZIP,17 МБ,18221554,docs/obrazovanie/15.01.05_РП_ОУД.14-Индивидуальный-проект_2024.zip,
ОТСУТСТВУЕТ ЛОКАЛЬНО,DOCX,5 МБ,5968450,docs/obrazovanie/15.01.05_РП_ОУД.14-Физика_2024.docx,
ОТСУТСТВУЕТ ЛОКАЛЬНО,DOCX,9 МБ,9873735,docs/obrazovanie/15.01.05_РП_ОУД_13-Информатика_2024.docx,
ОТСУТСТВУЕТ ЛОКАЛЬНО,ZIP,10 МБ,10736592,docs/obrazovanie/15.01.05_РП_ОУД_13-Информатика_2024.zip,
ОТСУТСТВУЕТ ЛОКАЛЬНО,DOCX,8 МБ,8608168,docs/obrazovanie/15.01.05_РП_Основы-инженерной-графики_2024.docx,
ОТСУТСТВУЕТ ЛОКАЛЬНО,ZIP,9 МБ,9475505,docs/obrazovanie/15.01.05_РП_Основы-инженерной-графики_2024.zip,
ОТСУТСТВУЕТ ЛОКАЛЬНО,DOCX,5 МБ,5508756,docs/obrazovanie/15.01.05_РП_ПМ-01.docx,
ОТСУТСТВУЕТ ЛОКАЛЬНО,ZIP,6 МБ,6377580,docs/obrazovanie/15.01.05_РП_ПМ-01.zip,
ОТСУТСТВУЕТ ЛОКАЛЬНО,DOCX,9 МБ,9772346,docs/obrazovanie/15.01.05_РП_ПМ-02.docx,
ОТСУТСТВУЕТ ЛОКАЛЬНО,ZIP,10 МБ,10640279,docs/obrazovanie/15.01.05_РП_ПМ-02.zip,
ОТСУТСТВУЕТ ЛОКАЛЬНО,DOCX,9 МБ,9544106,docs/obrazovanie/15.01.05_РП_ПМ-03.docx,
ОТСУТСТВУЕТ ЛОКАЛЬНО,ZIP,9 МБ,10410282,docs/obrazovanie/15.01.05_РП_ПМ-03.zip,
ОТСУТСТВУЕТ ЛОКАЛЬНО,PDF,3 МБ,3908705,docs/obrazovanie/15.01.05_РП_СГ.01-История-России_2025.pdf,
ОТСУТСТВУЕТ ЛОКАЛЬНО,ZIP,4 МБ,4470419,docs/obrazovanie/15.01.05_РП_СГ.01-История-России_2025.zip,
ОТСУТСТВУЕТ ЛОКАЛЬНО,DOC,6 МБ,7242240,docs/obrazovanie/15.01.05_РП_СГ.02-Иностранный-язык-в-проф.деятельности_2024.doc,
ОТСУТСТВУЕТ ЛОКАЛЬНО,ZIP,4 МБ,4429806,docs/obrazovanie/15.01.05_РП_СГ.02-Иностранный-язык-в-проф.деятельности_2024.zip,
ОТСУТСТВУЕТ ЛОКАЛЬНО,PDF,3 МБ,3517346,docs/obrazovanie/15.01.05_РП_СГ.02-Иностранный-язык-в-проф.деятельности_2025.pdf,
ОТСУТСТВУЕТ ЛОКАЛЬНО,ZIP,3 МБ,4088141,docs/obrazovanie/15.01.05_РП_СГ.02-Иностранный-язык-в-проф.деятельности_2025.zip,
ОТСУТСТВУЕТ ЛОКАЛЬНО,DOC,166 КБ,170496,docs/obrazovanie/15.01.05_РП_СГ.03-БЖ_2024.doc,
ОТСУТСТВУЕТ ЛОКАЛЬНО,ZIP,891 КБ,912553,docs/obrazovanie/15.01.05_РП_СГ.03-БЖ_2024.zip,
ОТСУТСТВУЕТ ЛОКАЛЬНО,PDF,2 МБ,2878389,docs/obrazovanie/15.01.05_РП_СГ.03-БЖ_2025.pdf,
ОТСУТСТВУЕТ ЛОКАЛЬНО,ZIP,3 МБ,3421046,docs/obrazovanie/15.01.05_РП_СГ.03-БЖ_2025.zip,
ОТСУТСТВУЕТ ЛОКАЛЬНО,DOCX,12 МБ,12734503,docs/obrazovanie/15.01.05_РП_СГ.04-Физическая-культура_2024.docx,
ОТСУТСТВУЕТ ЛОКАЛЬНО,ZIP,12 МБ,13597173,docs/obrazovanie/15.01.05_РП_СГ.04-Физическая-культура_2024.zip,
ОТСУТСТВУЕТ ЛОКАЛЬНО,PDF,554 КБ,567843,docs/obrazovanie/15.01.05_РП_СГ.04-Физическая-культура_2025.pdf,
ОТСУТСТВУЕТ ЛОКАЛЬНО,ZIP,1 МБ,1152865,docs/obrazovanie/15.01.05_РП_СГ.04-Физическая-культура_2025.zip,
ОТСУТСТВУЕТ ЛОКАЛЬНО,PDF,4 МБ,4294729,docs/obrazovanie/15.01.05_РП_СГ.05-Основы-бережливого-производства_2025.pdf,
ОТСУТСТВУЕТ ЛОКАЛЬНО,ZIP,4 МБ,4868517,docs/obrazovanie/15.01.05_РП_СГ.05-Основы-бережливого-производства_2025.zip,
ОТСУТСТВУЕТ ЛОКАЛЬНО,DOCX,4 МБ,4832358,docs/obrazovanie/15.01.05_РП_СГ.06-Основы-финансовой-грамотности_2025.docx,
ОТСУТСТВУЕТ ЛОКАЛЬНО,PDF,4 МБ,4456394,docs/obrazovanie/15.01.05_РП_СГ.06-Основы-финансовой-грамотности_2025.pdf,
ОТСУТСТВУЕТ ЛОКАЛЬНО,ZIP,5 МБ,5693090,docs/obrazovanie/15.01.05_РП_СГ.06-Основы-финансовой-грамотности_2025.zip,
ОТСУТСТВУЕТ ЛОКАЛЬНО,PDF,6 МБ,7096121,docs/obrazovanie/15.01.31_Календарный-план-ВР_2024-2025.pdf,
ОТСУТСТВУЕТ ЛОКАЛЬНО,PDF,1 МБ,2019766,docs/obrazovanie/15.01.31_ОП_КИПиА_-2023.pdf,
ОТСУТСТВУЕТ ЛОКАЛЬНО,ZIP,1 МБ,1821070,docs/obrazovanie/15.01.31_ОП_КИПиА_-2023.zip,
ОТСУТСТВУЕТ ЛОКАЛЬНО,PDF,2 МБ,3067968,docs/obrazovanie/15.01.31_ОП_КИПиА_-2024.pdf,
ОТСУТСТВУЕТ ЛОКАЛЬНО,PDF,3 МБ,3350003,docs/obrazovanie/15.01.31_ОПОП_КИПиА_-2022.pdf,
ОТСУТСТВУЕТ ЛОКАЛЬНО,PDF,1 МБ,1492268,docs/obrazovanie/15.01.31_Программа-ГИА_2021.pdf,
ОТСУТСТВУЕТ ЛОКАЛЬНО,ZIP,1 МБ,1489944,docs/obrazovanie/15.01.31_Программа-ГИА_2021.zip,
ОТСУТСТВУЕТ ЛОКАЛЬНО,PDF,1 МБ,1416161,docs/obrazovanie/15.01.31_Программа-ГИА_2025-2026.pdf,
ОТСУТСТВУЕТ ЛОКАЛЬНО,ZIP,1 МБ,1303419,docs/obrazovanie/15.01.31_Программа-ГИА_2025-2026.zip,
ОТСУТСТВУЕТ ЛОКАЛЬНО,PDF,2 МБ,2181292,docs/obrazovanie/15.01.31_РП_ОП.01_Основы-электротехники_2024-с-изм.-на-01.07.2025.pdf,
ОТСУТСТВУЕТ ЛОКАЛЬНО,PDF,1 МБ,1438851,docs/obrazovanie/15.01.31_РП_ОП.02_Технические-измерения_2024-с-изм.-на-01.07.2025.pdf,
ОТСУТСТВУЕТ ЛОКАЛЬНО,PDF,1 МБ,1684695,docs/obrazovanie/15.01.31_РП_ОП.03_Основы-автоматизации-производства_2024-с-изм.-на-01.07.2025.pdf,
ОТСУТСТВУЕТ ЛОКАЛЬНО,PDF,1 МБ,1571706,docs/obrazovanie/15.01.31_РП_ОП.04_БЖД_2024-с-изм.-на-01.07.2025.pdf,
ОТСУТСТВУЕТ ЛОКАЛЬНО,PDF,881 КБ,903130,docs/obrazovanie/15.01.31_РП_ОП.05_Физ-ра_2024-с-изм.-на-01.07.2025.pdf,
ОТСУТСТВУЕТ ЛОКАЛЬНО,PDF,1 МБ,1347807,docs/obrazovanie/15.01.31_РП_ОП.06_Тех.-черчение_2024-с-изм.-на-01.07.2025.pdf,
ОТСУТСТВУЕТ ЛОКАЛЬНО,PDF,1 МБ,1750671,docs/obrazovanie/15.01.31_РП_ОП.07_Основы-материаловедения_2024-с-изм.-на-01.07.2025.pdf,
ОТСУТСТВУЕТ ЛОКАЛЬНО,PDF,1 МБ,1389883,docs/obrazovanie/15.01.31_РП_ОП.08_Основы-тех.-механики_2024-с-изм.-на-01.07.2025.pdf,
ОТСУТСТВУЕТ ЛОКАЛЬНО,PDF,2 МБ,2321813,docs/obrazovanie/15.01.31_РП_ОП.09_Ин.язык-в-проф.-деят_2024-с-изм.-на-01.07.2025.pdf,
ОТСУТСТВУЕТ ЛОКАЛЬНО,PDF,1 МБ,1652639,docs/obrazovanie/15.01.31_РП_ОП.10_ИТ-в-ПД_2024-с-изм.-на-01.07.2025.pdf,
ОТСУТСТВУЕТ ЛОКАЛЬНО,PDF,1 МБ,1902775,docs/obrazovanie/15.01.31_РП_ПМ.01_2024.pdf,
ОТСУТСТВУЕТ ЛОКАЛЬНО,PDF,1 МБ,2083020,docs/obrazovanie/15.01.31_РП_ПМ.02_2024.pdf,
ОТСУТСТВУЕТ ЛОКАЛЬНО,PDF,2 МБ,2191631,docs/obrazovanie/15.01.31_РП_ПМ.03_2024-с-изм.-на-01.07.2025.pdf,
ОТСУТСТВУЕТ ЛОКАЛЬНО,PDF,3 МБ,3369801,docs/obrazovanie/15.01.37_ОП_2025.pdf,
ОТСУТСТВУЕТ ЛОКАЛЬНО,PDF,725 КБ,742808,docs/obrazovanie/15.01.37_РП_ОП.01_Техническая-графика_2025.pdf,
ОТСУТСТВУЕТ ЛОКАЛЬНО,PDF,1 МБ,1875501,docs/obrazovanie/15.01.37_РП_ОП.02_Материаловедение_2025.pdf,
ОТСУТСТВУЕТ ЛОКАЛЬНО,PDF,1 МБ,1640790,docs/obrazovanie/15.01.37_РП_ОП.03_Допуски-посадки_2025.pdf,
ОТСУТСТВУЕТ ЛОКАЛЬНО,PDF,1 МБ,1660473,docs/obrazovanie/15.01.37_РП_ОП.04_Основы-электротехники_2025.pdf,
ОТСУТСТВУЕТ ЛОКАЛЬНО,PDF,1 МБ,1699807,docs/obrazovanie/15.01.37_РП_ОП.05_Технология-выполнения-слесарных-работ_2025.pdf,
ОТСУТСТВУЕТ ЛОКАЛЬНО,PDF,1 МБ,1860132,docs/obrazovanie/15.01.37_РП_ОУД.01_Русский-язык_2025.pdf,
ОТСУТСТВУЕТ ЛОКАЛЬНО,PDF,2 МБ,2597689,docs/obrazovanie/15.01.37_РП_ОУД.02_Литература_2025.pdf,
ОТСУТСТВУЕТ ЛОКАЛЬНО,PDF,2 МБ,2250951,docs/obrazovanie/15.01.37_РП_ОУД.03_Ин.-язык_2025.pdf,
ОТСУТСТВУЕТ ЛОКАЛЬНО,PDF,1 МБ,1975087,docs/obrazovanie/15.01.37_РП_ОУД.04_История_2025.pdf,
ОТСУТСТВУЕТ ЛОКАЛЬНО,PDF,2 МБ,2134425,docs/obrazovanie/15.01.37_РП_ОУД.05_Обществознание_2025.pdf,
ОТСУТСТВУЕТ ЛОКАЛЬНО,PDF,1 МБ,2000143,docs/obrazovanie/15.01.37_РП_ОУД.06_Химия_2025.pdf,
ОТСУТСТВУЕТ ЛОКАЛЬНО,PDF,1 МБ,2035165,docs/obrazovanie/15.01.37_РП_ОУД.07_Биология_2025.pdf,
ОТСУТСТВУЕТ ЛОКАЛЬНО,PDF,1 МБ,2027035,docs/obrazovanie/15.01.37_РП_ОУД.08_География_2025.pdf,
ОТСУТСТВУЕТ ЛОКАЛЬНО,PDF,2 МБ,2468520,docs/obrazovanie/15.01.37_РП_ОУД.10_ОБЗР_2025.pdf,
ОТСУТСТВУЕТ ЛОКАЛЬНО,PDF,1 МБ,2024446,docs/obrazovanie/15.01.37_РП_ОУД.11_Информатика_2025.pdf,
ОТСУТСТВУЕТ ЛОКАЛЬНО,PDF,1 МБ,1877454,docs/obrazovanie/15.01.37_РП_ОУД.12_Индив.-проект_2025.pdf,
ОТСУТСТВУЕТ ЛОКАЛЬНО,PDF,2 МБ,2426543,docs/obrazovanie/15.01.37_РП_ОУД.13_Математика_2025.pdf,
ОТСУТСТВУЕТ ЛОКАЛЬНО,PDF,2 МБ,2284496,docs/obrazovanie/15.01.37_РП_ОУД.14_Физика_2025.pdf,
ОТСУТСТВУЕТ ЛОКАЛЬНО,PDF,1 МБ,1401328,docs/obrazovanie/15.01.37_РП_ПМ.01_2025.pdf,
ОТСУТСТВУЕТ ЛОКАЛЬНО,PDF,1 МБ,1876316,docs/obrazovanie/15.01.37_РП_ПМ.02_2025.pdf,
ОТСУТСТВУЕТ ЛОКАЛЬНО,PDF,1 МБ,1502344,docs/obrazovanie/15.01.37_РП_ПМ.03_2025.pdf,
ОТСУТСТВУЕТ ЛОКАЛЬНО,PDF,1 МБ,1557585,docs/obrazovanie/15.01.37_РП_СГ.01_История-России_2025.pdf,
ОТСУТСТВУЕТ ЛОКАЛЬНО,PDF,1 МБ,1927593,docs/obrazovanie/15.01.37_РП_СГ.02_Ин.-язык-в-проф.-деятельности_2025.pdf,
ОТСУТСТВУЕТ ЛОКАЛЬНО,PDF,1 МБ,1236478,docs/obrazovanie/15.01.37_РП_СГ.03_БЖД_2025.pdf,
ОТСУТСТВУЕТ ЛОКАЛЬНО,PDF,1 МБ,1767219,docs/obrazovanie/15.01.37_РП_СГ.05_Основы-фин.-грамотности_2025.pdf,
ОТСУТСТВУЕТ ЛОКАЛЬНО,PDF,1 МБ,1862684,docs/obrazovanie/15.01.37_РП_СГ.06_Основы-бережливого-произв-ва_2025.pdf,
ОТСУТСТВУЕТ ЛОКАЛЬНО,PDF,2 МБ,2585817,docs/obrazovanie/15.02.14_АОП_Оснащение-средствами-автоматизации-техпроцессов-и-производств-по-отраслям_2024.pdf,
ОТСУТСТВУЕТ ЛОКАЛЬНО,ZIP,2 МБ,2598565,docs/obrazovanie/15.02.14_АОП_Оснащение-средствами-автоматизации-техпроцессов-и-производств-по-отраслям_2024.zip,
ОТСУТСТВУЕТ ЛОКАЛЬНО,PDF,1 МБ,1229657,docs/obrazovanie/15.02.14_ЕН.01_РП_Математика_2022.pdf,
ОТСУТСТВУЕТ ЛОКАЛЬНО,PDF,1 МБ,1397413,docs/obrazovanie/15.02.14_ЕН.03_РП_Информ.-обеспечение-проф.-деятельности_2022.pdf,
ОТСУТСТВУЕТ ЛОКАЛЬНО,PDF,1 МБ,1160337,docs/obrazovanie/15.02.14_ЕН.04_РП_Экологические-основы_2022.pdf,
ОТСУТСТВУЕТ ЛОКАЛЬНО,PDF,5 МБ,5900570,docs/obrazovanie/15.02.14_Календарный-план-ВР_2024-2025.pdf,
ОТСУТСТВУЕТ ЛОКАЛЬНО,PDF,1 МБ,1298784,docs/obrazovanie/15.02.14_ОГСЭ.01_РП_Основы-философии_2024-с-изм.-на-01.07.2025.pdf,
ОТСУТСТВУЕТ ЛОКАЛЬНО,PDF,1 МБ,1127041,docs/obrazovanie/15.02.14_ОГСЭ.02_РП_История_2022.pdf,
ОТСУТСТВУЕТ ЛОКАЛЬНО,PDF,1 МБ,1288014,docs/obrazovanie/15.02.14_ОГСЭ.02_РП_История_2024-с-изм.-на-01.07.2025.pdf,
ОТСУТСТВУЕТ ЛОКАЛЬНО,PDF,1 МБ,1498652,docs/obrazovanie/15.02.14_ОГСЭ.03_РП_Ин.язык-в-проф.-деят_2022.pdf,
ОТСУТСТВУЕТ ЛОКАЛЬНО,PDF,1 МБ,1746284,docs/obrazovanie/15.02.14_ОГСЭ.03_РП_Ин.язык-в-проф.-деят_2024-с-изм.-на-01.07.2025.pdf,
ОТСУТСТВУЕТ ЛОКАЛЬНО,PDF,1 МБ,1915406,docs/obrazovanie/15.02.14_ОГСЭ.04_РП_Физ.-культура_2024-с-изм.-на-01.07.2025.pdf,
ОТСУТСТВУЕТ ЛОКАЛЬНО,PDF,1 МБ,1417448,docs/obrazovanie/15.02.14_ОГСЭ.05_РП_Основы-фин.-грамотности_2022.pdf,
ОТСУТСТВУЕТ ЛОКАЛЬНО,PDF,1 МБ,1554904,docs/obrazovanie/15.02.14_ОГСЭ.05_РП_Основы-фин.-грамотности_2024-с-изм.-на-01.07.2025.pdf,
ОТСУТСТВУЕТ ЛОКАЛЬНО,PDF,1 МБ,1122259,docs/obrazovanie/15.02.14_ОГСЭ01_РП_Основы-философии_2022.pdf,
ОТСУТСТВУЕТ ЛОКАЛЬНО,PDF,1 МБ,1463903,docs/obrazovanie/15.02.14_ОГСЭ04_РП_Физ-ра_2022.pdf,
ОТСУТСТВУЕТ ЛОКАЛЬНО,PDF,878 КБ,899349,docs/obrazovanie/15.02.14_ОП.02_РП_Электротехника-и-основы-электроники_2022.pdf,
ОТСУТСТВУЕТ ЛОКАЛЬНО,PDF,1 МБ,1213396,docs/obrazovanie/15.02.14_ОП.03_РП_Материаловедение_2022.pdf,
ОТСУТСТВУЕТ ЛОКАЛЬНО,PDF,1 МБ,1613358,docs/obrazovanie/15.02.14_ОП.04_РП_Тех.механика_2022.pdf,
ОТСУТСТВУЕТ ЛОКАЛЬНО,PDF,1 МБ,1245731,docs/obrazovanie/15.02.14_ОП.05_РП_Охрана-труда_2022.pdf,
ОТСУТСТВУЕТ ЛОКАЛЬНО,PDF,1 МБ,1416015,docs/obrazovanie/15.02.14_ОП.06_РП_МСС_2022.pdf,
ОТСУТСТВУЕТ ЛОКАЛЬНО,PDF,1 МБ,1107982,docs/obrazovanie/15.02.14_ОП.07_РП_Экономика-организации_2022.pdf,
ОТСУТСТВУЕТ ЛОКАЛЬНО,PDF,1 МБ,1436104,docs/obrazovanie/15.02.14_ОП.09_РП_Электрические-машины_2022.pdf,
ОТСУТСТВУЕТ ЛОКАЛЬНО,PDF,1 МБ,1510522,docs/obrazovanie/15.02.14_ОП.09_РП_Электротехнические-измерения_2022.pdf,
ОТСУТСТВУЕТ ЛОКАЛЬНО,PDF,1 МБ,1260253,docs/obrazovanie/15.02.14_ОП.10_РП_Автоматизированный-электропривод_2022.pdf,
ОТСУТСТВУЕТ ЛОКАЛЬНО,PDF,1 МБ,1377741,docs/obrazovanie/15.02.14_ОП.11_РП_Гидравлика_2022.pdf,
ОТСУТСТВУЕТ ЛОКАЛЬНО,PDF,1 МБ,1164927,docs/obrazovanie/15.02.14_ОП.14_РП_БЖД_2022.pdf,
ОТСУТСТВУЕТ ЛОКАЛЬНО,PDF,2 МБ,3082663,docs/obrazovanie/15.02.14_ОПОП_2022.pdf,
ОТСУТСТВУЕТ ЛОКАЛЬНО,PDF,4 МБ,4531992,docs/obrazovanie/15.02.14_ОПОП_2023.pdf,
ОТСУТСТВУЕТ ЛОКАЛЬНО,ZIP,3 МБ,3917356,docs/obrazovanie/15.02.14_ОПОП_2023.zip,
ОТСУТСТВУЕТ ЛОКАЛЬНО,PDF,1 МБ,1861364,docs/obrazovanie/15.02.14_ПМ.02_РП_2022.pdf,
ОТСУТСТВУЕТ ЛОКАЛЬНО,PDF,1 МБ,1785752,docs/obrazovanie/15.02.14_ПМ.04_РП_2022.pdf,
ОТСУТСТВУЕТ ЛОКАЛЬНО,PDF,1 МБ,1830196,docs/obrazovanie/15.02.14_ПМ.06_РП_2022.pdf,
ОТСУТСТВУЕТ ЛОКАЛЬНО,PDF,3 МБ,3333971,docs/obrazovanie/15.02.14_ППССЗ_2024.pdf,
ОТСУТСТВУЕТ ЛОКАЛЬНО,ZIP,2 МБ,2951347,docs/obrazovanie/15.02.14_ППССЗ_2024.zip,
ОТСУТСТВУЕТ ЛОКАЛЬНО,PDF,1 МБ,1602590,docs/obrazovanie/15.02.14_Программа-ГИА_2025-2026.pdf,
ОТСУТСТВУЕТ ЛОКАЛЬНО,ZIP,1 МБ,1426648,docs/obrazovanie/15.02.14_Программа-ГИА_2025-2026.zip,
ОТСУТСТВУЕТ ЛОКАЛЬНО,PDF,1 МБ,1715730,docs/obrazovanie/15.02.14_РП_ЕН.01_Математика_2023.pdf,
ОТСУТСТВУЕТ ЛОКАЛЬНО,ZIP,1 МБ,1675585,docs/obrazovanie/15.02.14_РП_ЕН.01_Математика_2023.zip,
ОТСУТСТВУЕТ ЛОКАЛЬНО,PDF,1 МБ,1279401,docs/obrazovanie/15.02.14_РП_ЕН.02_Компьютерное-моделирование_2023.pdf,
ОТСУТСТВУЕТ ЛОКАЛЬНО,ZIP,1 МБ,1136106,docs/obrazovanie/15.02.14_РП_ЕН.02_Компьютерное-моделирование_2023.zip,
ОТСУТСТВУЕТ ЛОКАЛЬНО,PDF,1 МБ,1554351,docs/obrazovanie/15.02.14_РП_ЕН.03_Информ.-обеспечение-проф.-деятельности_2023.pdf,
ОТСУТСТВУЕТ ЛОКАЛЬНО,ZIP,1 МБ,1455953,docs/obrazovanie/15.02.14_РП_ЕН.03_Информ.-обеспечение-проф.-деятельности_2023.zip,
ОТСУТСТВУЕТ ЛОКАЛЬНО,PDF,1 МБ,1217353,docs/obrazovanie/15.02.14_РП_ЕН.04_Эколог.-основы_2023.pdf,
ОТСУТСТВУЕТ ЛОКАЛЬНО,ZIP,1 МБ,1090254,docs/obrazovanie/15.02.14_РП_ЕН.04_Эколог.-основы_2023.zip,
ОТСУТСТВУЕТ ЛОКАЛЬНО,PDF,1 МБ,1125839,docs/obrazovanie/15.02.14_РП_ОГСЭ.01_Основы-философии_2023.pdf,
ОТСУТСТВУЕТ ЛОКАЛЬНО,ZIP,968 КБ,991742,docs/obrazovanie/15.02.14_РП_ОГСЭ.01_Основы-философии_2023.zip,
ОТСУТСТВУЕТ ЛОКАЛЬНО,PDF,1 МБ,1262678,docs/obrazovanie/15.02.14_РП_ОГСЭ.02_История_2023.pdf,
ОТСУТСТВУЕТ ЛОКАЛЬНО,ZIP,1 МБ,1160932,docs/obrazovanie/15.02.14_РП_ОГСЭ.02_История_2023.zip,
ОТСУТСТВУЕТ ЛОКАЛЬНО,PDF,1 МБ,1600313,docs/obrazovanie/15.02.14_РП_ОГСЭ.03_Ин.язык-в-проф.-деят_2023.pdf,
ОТСУТСТВУЕТ ЛОКАЛЬНО,ZIP,1 МБ,1442385,docs/obrazovanie/15.02.14_РП_ОГСЭ.03_Ин.язык-в-проф.-деят_2023.zip,
ОТСУТСТВУЕТ ЛОКАЛЬНО,PDF,1 МБ,1712987,docs/obrazovanie/15.02.14_РП_ОГСЭ.04_Физ.-культура_2023.pdf,
ОТСУТСТВУЕТ ЛОКАЛЬНО,ZIP,1 МБ,1572314,docs/obrazovanie/15.02.14_РП_ОГСЭ.04_Физ.-культура_2023.zip,
ОТСУТСТВУЕТ ЛОКАЛЬНО,PDF,1 МБ,1539643,docs/obrazovanie/15.02.14_РП_ОГСЭ.05_Основы-фин.-грамотности_2023.pdf,
ОТСУТСТВУЕТ ЛОКАЛЬНО,ZIP,1 МБ,1436320,docs/obrazovanie/15.02.14_РП_ОГСЭ.05_Основы-фин.-грамотности_2023.zip,
ОТСУТСТВУЕТ ЛОКАЛЬНО,DOCX,12 МБ,12658890,docs/obrazovanie/38.01.02-_РП_ОУД.04._Физика_2025.docx,
ОТСУТСТВУЕТ ЛОКАЛЬНО,ZIP,12 МБ,12688256,docs/obrazovanie/38.01.02-_РП_ОУД.04._Физика_2025.zip,
ОТСУТСТВУЕТ ЛОКАЛЬНО,DOCX,12 МБ,13544844,docs/obrazovanie/38.01.02-_РП_ОУД.06_-Биология_2025.docx,
ОТСУТСТВУЕТ ЛОКАЛЬНО,ZIP,13 МБ,14562425,docs/obrazovanie/38.01.02-_РП_ОУД.06_-Биология_2025.zip,
ОТСУТСТВУЕТ ЛОКАЛЬНО,DOC,10 МБ,11111936,docs/obrazovanie/38.01.02_АОП_Продавец_-2025-2026.doc,
ОТСУТСТВУЕТ ЛОКАЛЬНО,ZIP,7 МБ,7899087,docs/obrazovanie/38.01.02_АОП_Продавец_-2025-2026.zip,
ОТСУТСТВУЕТ ЛОКАЛЬНО,PDF,6 МБ,7094932,docs/obrazovanie/38.01.02_Календарный-план-ВР_2024-2025.pdf,
ОТСУТСТВУЕТ ЛОКАЛЬНО,DOC,10 МБ,10851328,docs/obrazovanie/38.01.02_ОП_Продавец_-2025-2026-1.doc,
ОТСУТСТВУЕТ ЛОКАЛЬНО,ZIP,7 МБ,7521815,docs/obrazovanie/38.01.02_ОП_Продавец_-2025-2026.sig_.zip,
ОТСУТСТВУЕТ ЛОКАЛЬНО,PDF,1 МБ,1689155,docs/obrazovanie/38.01.02_Программа-ГИА_2025-2026.pdf,
ОТСУТСТВУЕТ ЛОКАЛЬНО,ZIP,1 МБ,1543889,docs/obrazovanie/38.01.02_Программа-ГИА_2025-2026.zip,
ОТСУТСТВУЕТ ЛОКАЛЬНО,DOCX,5 МБ,5412871,docs/obrazovanie/38.01.02_РП-_ОП.01_Основы-деловой-культуры-и-психология-общения_-2025.docx,
ОТСУТСТВУЕТ ЛОКАЛЬНО,ZIP,6 МБ,6437599,docs/obrazovanie/38.01.02_РП-_ОП.01_Основы-деловой-культуры-и-психология-общения_-2025.zip,
ОТСУТСТВУЕТ ЛОКАЛЬНО,DOCX,5 МБ,6044244,docs/obrazovanie/38.01.02_РП-_ПМ-02-_-2025.docx,
ОТСУТСТВУЕТ ЛОКАЛЬНО,ZIP,6 МБ,7068792,docs/obrazovanie/38.01.02_РП-_ПМ-02-_-2025.zip,
ОТСУТСТВУЕТ ЛОКАЛЬНО,DOCX,12 МБ,12930744,docs/obrazovanie/38.01.02_РП-_ПП_ПМ-01-02_2025.docx,
ОТСУТСТВУЕТ ЛОКАЛЬНО,ZIP,13 МБ,13952813,docs/obrazovanie/38.01.02_РП-_ПП_ПМ-01-02_2025.zip,
ОТСУТСТВУЕТ ЛОКАЛЬНО,DOC,9 МБ,9553066,docs/obrazovanie/38.01.02_РП_БЖД-_2025.doc,
ОТСУТСТВУЕТ ЛОКАЛЬНО,ZIP,7 МБ,7734242,docs/obrazovanie/38.01.02_РП_БЖД-_2025.zip,
ОТСУТСТВУЕТ ЛОКАЛЬНО,DOCX,13 МБ,14228828,docs/obrazovanie/38.01.02_РП_ОП-03_Организация-и-технология-розничной-торговли_2025.docx,
ОТСУТСТВУЕТ ЛОКАЛЬНО,ZIP,14 МБ,15244745,docs/obrazovanie/38.01.02_РП_ОП-03_Организация-и-технология-розничной-торговли_2025.zip,
ОТСУТСТВУЕТ ЛОКАЛЬНО,PDF,10 МБ,11276676,docs/obrazovanie/38.01.02_РП_ОП.01-Основы-деловой-культуры_2023.pdf,
ОТСУТСТВУЕТ ЛОКАЛЬНО,ZIP,21 МБ,22555047,docs/obrazovanie/38.01.02_РП_ОП.01-Основы-деловой-культуры_2023.zip,
ОТСУТСТВУЕТ ЛОКАЛЬНО,PDF,9 МБ,9455548,docs/obrazovanie/38.01.02_РП_ОП.02-Основы-бухгалтерского-учёта_2023.pdf,
ОТСУТСТВУЕТ ЛОКАЛЬНО,DOCX,5 МБ,5846604,docs/obrazovanie/38.01.02_РП_ОП.02_Основы-бухгалтерского-учёта_2025.docx,
ОТСУТСТВУЕТ ЛОКАЛЬНО,ZIP,6 МБ,6869012,docs/obrazovanie/38.01.02_РП_ОП.02_Основы-бухгалтерского-учёта_2025.zip,
ОТСУТСТВУЕТ ЛОКАЛЬНО,DOCX,6 МБ,6623206,docs/obrazovanie/38.01.02_РП_ОП.04_Санитария-и-гигиена-на-предприятиях-тогровли-1.docx,
ОТСУТСТВУЕТ ЛОКАЛЬНО,ZIP,6 МБ,6660374,docs/obrazovanie/38.01.02_РП_ОП.04_Санитария-и-гигиена-на-предприятиях-тогровли.zip,
ОТСУТСТВУЕТ ЛОКАЛЬНО,DOCX,11 МБ,11645422,docs/obrazovanie/38.01.02_РП_ОП.5-ИКТ-в-ПД-2025-1.docx,
ОТСУТСТВУЕТ ЛОКАЛЬНО,ZIP,12 МБ,12663646,docs/obrazovanie/38.01.02_РП_ОП.5-ИКТ-в-ПД-2025.zip,
ОТСУТСТВУЕТ ЛОКАЛЬНО,DOCX,10 МБ,11494065,docs/obrazovanie/38.01.02_РП_ОУД.-14_Индивидуальный-проект_2025.docx,
ОТСУТСТВУЕТ ЛОКАЛЬНО,ZIP,11 МБ,12513302,docs/obrazovanie/38.01.02_РП_ОУД.-14_Индивидуальный-проект_2025.zip,
ОТСУТСТВУЕТ ЛОКАЛЬНО,DOCX,6 МБ,6707765,docs/obrazovanie/38.01.02_РП_ОУД.01_РП_-Русский-язык_2025.docx,
ОТСУТСТВУЕТ ЛОКАЛЬНО,ZIP,7 МБ,7731360,docs/obrazovanie/38.01.02_РП_ОУД.01_РП_-Русский-язык_2025.zip,
ОТСУТСТВУЕТ ЛОКАЛЬНО,DOCX,7 МБ,7952177,docs/obrazovanie/38.01.02_РП_ОУД.02_РП_Литература_2025.docx,
ОТСУТСТВУЕТ ЛОКАЛЬНО,ZIP,8 МБ,8974031,docs/obrazovanie/38.01.02_РП_ОУД.02_РП_Литература_2025.zip,
ОТСУТСТВУЕТ ЛОКАЛЬНО,DOCX,10 МБ,10720364,docs/obrazovanie/38.01.02_РП_ОУД.03_Иностранный-язык_2025.docx,
ОТСУТСТВУЕТ ЛОКАЛЬНО,ZIP,11 МБ,11735150,docs/obrazovanie/38.01.02_РП_ОУД.03_Иностранный-язык_2025.zip,
ОТСУТСТВУЕТ ЛОКАЛЬНО,DOCX,12 МБ,13144447,docs/obrazovanie/38.01.02_РП_ОУД.05_Химия_2025.docx,
ОТСУТСТВУЕТ ЛОКАЛЬНО,ZIP,13 МБ,14161279,docs/obrazovanie/38.01.02_РП_ОУД.05_Химия_2025.zip,
ОТСУТСТВУЕТ ЛОКАЛЬНО,DOCX,8 МБ,8872985,docs/obrazovanie/38.01.02_РП_ОУД.07_История_2025.docx,
ОТСУТСТВУЕТ ЛОКАЛЬНО,ZIP,9 МБ,9889439,docs/obrazovanie/38.01.02_РП_ОУД.07_История_2025.zip,
ОТСУТСТВУЕТ ЛОКАЛЬНО,DOCX,12 МБ,13293457,docs/obrazovanie/38.01.02_РП_ОУД.10_Физическая-культура_2025.docx,
ОТСУТСТВУЕТ ЛОКАЛЬНО,ZIP,13 МБ,14308661,docs/obrazovanie/38.01.02_РП_ОУД.10_Физическая-культура_2025.zip,
ОТСУТСТВУЕТ ЛОКАЛЬНО,DOCX,6 МБ,6841678,docs/obrazovanie/38.01.02_РП_ОУД.11_ОБЗР_2025.docx,
ОТСУТСТВУЕТ ЛОКАЛЬНО,ZIP,7 МБ,7864985,docs/obrazovanie/38.01.02_РП_ОУД.11_ОБЗР_2025.zip,
ОТСУТСТВУЕТ ЛОКАЛЬНО,DOCX,11 МБ,11725791,docs/obrazovanie/38.01.02_РП_ОУД.12_Математика_2025.docx,
ОТСУТСТВУЕТ ЛОКАЛЬНО,ZIP,12 МБ,12743025,docs/obrazovanie/38.01.02_РП_ОУД.12_Математика_2025.zip,
ОТСУТСТВУЕТ ЛОКАЛЬНО,DOCX,9 МБ,9875084,docs/obrazovanie/38.01.02_РП_ОУД.13_Информатика_2025.docx,
ОТСУТСТВУЕТ ЛОКАЛЬНО,ZIP,10 МБ,10894434,docs/obrazovanie/38.01.02_РП_ОУД.13_Информатика_2025.zip,
ОТСУТСТВУЕТ ЛОКАЛЬНО,DOC,17 МБ,18702848,docs/obrazovanie/38.01.02_РП_ОУД_.08_Обществознание_2025.doc,
ОТСУТСТВУЕТ ЛОКАЛЬНО,ZIP,12 МБ,13402840,docs/obrazovanie/38.01.02_РП_ОУД_.08_Обществознание_2025.zip,
ОТСУТСТВУЕТ ЛОКАЛЬНО,DOCX,8 МБ,9160522,docs/obrazovanie/38.01.02_РП_ОУД_09_География_2025.docx,
ОТСУТСТВУЕТ ЛОКАЛЬНО,ZIP,9 МБ,10179355,docs/obrazovanie/38.01.02_РП_ОУД_09_География_2025.zip,
ОТСУТСТВУЕТ ЛОКАЛЬНО,DOCX,13 МБ,13989802,docs/obrazovanie/38.01.02_РП_ПМ-01.docx,
ОТСУТСТВУЕТ ЛОКАЛЬНО,ZIP,14 МБ,15005315,docs/obrazovanie/38.01.02_РП_ПМ-01.zip,
ОТСУТСТВУЕТ ЛОКАЛЬНО,DOC,15 МБ,15865856,docs/obrazovanie/38.01.02_РП_СГ.01_История-России_2025.doc,
ОТСУТСТВУЕТ ЛОКАЛЬНО,ZIP,11 МБ,11803847,docs/obrazovanie/38.01.02_РП_СГ.01_История-России_2025.zip,
ОТСУТСТВУЕТ ЛОКАЛЬНО,ZIP,4 МБ,4848412,docs/obrazovanie/38.01.02_РП_СГ.02_Иностранный-язык-в-профессональной-деятельности_2025.zip,
ОТСУТСТВУЕТ ЛОКАЛЬНО,ZIP,13 МБ,14347927,docs/obrazovanie/38.01.02_РП_СГ.04_Физическаф-культура_2025.zip,
ОТСУТСТВУЕТ ЛОКАЛЬНО,DOCX,12 МБ,13327162,docs/obrazovanie/38.01.02_РП_СГ.04_Физическаф-культура_2025г.docx,
ОТСУТСТВУЕТ ЛОКАЛЬНО,ZIP,7 МБ,8339151,docs/obrazovanie/38.01.02_РП_СГ.05_Основы-финансовой-грамотности_2025.zip,
ОТСУТСТВУЕТ ЛОКАЛЬНО,DOCX,6 МБ,7315036,docs/obrazovanie/38.01.02_РП_СГ.05_Основы-финансовой-грамотности_2025г.docx,
ОТСУТСТВУЕТ ЛОКАЛЬНО,DOCX,12 МБ,13112379,docs/obrazovanie/38.01.02_РП_УП_-ПМ.0102_2025.docx,
ОТСУТСТВУЕТ ЛОКАЛЬНО,ZIP,13 МБ,14131576,docs/obrazovanie/38.01.02_РП_УП_-ПМ.0102_2025.zip,
ОТСУТСТВУЕТ ЛОКАЛЬНО,PDF,6 МБ,7098611,docs/obrazovanie/38.02.01_Календарный-план-ВР_2024-2025.pdf,
ОТСУТСТВУЕТ ЛОКАЛЬНО,PDF,2 МБ,2829385,docs/obrazovanie/38.02.01_ОП_2024-с-изм.-на-01.07.2025.pdf,
ОТСУТСТВУЕТ ЛОКАЛЬНО,PDF,2 МБ,2990114,docs/obrazovanie/38.02.01_ОП_2025.pdf,
ОТСУТСТВУЕТ ЛОКАЛЬНО,PDF,1 МБ,1687916,docs/obrazovanie/38.02.01_ОПОП_2023.pdf,
ОТСУТСТВУЕТ ЛОКАЛЬНО,ZIP,1 МБ,1624879,docs/obrazovanie/38.02.01_ОПОП_2023.zip,
ОТСУТСТВУЕТ ЛОКАЛЬНО,ZIP,2 МБ,2795420,docs/obrazovanie/38.02.01_ППССЗ_2024.zip,
ОТСУТСТВУЕТ ЛОКАЛЬНО,PDF,1 МБ,1508449,docs/obrazovanie/38.02.01_Программа-ГИА_2025-2026.pdf,
ОТСУТСТВУЕТ ЛОКАЛЬНО,PDF,459 КБ,470222,docs/obrazovanie/38.02.01_РП_ЕН.01_Математика_2023.pdf,
ОТСУТСТВУЕТ ЛОКАЛЬНО,ZIP,886 КБ,907633,docs/obrazovanie/38.02.01_РП_ЕН.01_Математика_2023.zip,
ОТСУТСТВУЕТ ЛОКАЛЬНО,PDF,1 МБ,1876075,docs/obrazovanie/38.02.01_РП_ЕН.01_Математика_2024.pdf,
ОТСУТСТВУЕТ ЛОКАЛЬНО,ZIP,1 МБ,1979382,docs/obrazovanie/38.02.01_РП_ЕН.01_Математика_2024.zip,
ОТСУТСТВУЕТ ЛОКАЛЬНО,PDF,427 КБ,437633,docs/obrazovanie/38.02.01_РП_ЕН.02_Эколог.-основы_2023.pdf,
ОТСУТСТВУЕТ ЛОКАЛЬНО,ZIP,836 КБ,856390,docs/obrazovanie/38.02.01_РП_ЕН.02_Эколог.-основы_2023.zip,
ОТСУТСТВУЕТ ЛОКАЛЬНО,PDF,1 МБ,1381430,docs/obrazovanie/38.02.01_РП_ЕН.02_Эколог.основы-природопользования_2024.pdf,
ОТСУТСТВУЕТ ЛОКАЛЬНО,ZIP,1 МБ,1499271,docs/obrazovanie/38.02.01_РП_ЕН.02_Эколог.основы-природопользования_2024.zip,
ОТСУТСТВУЕТ ЛОКАЛЬНО,PDF,591 КБ,605559,docs/obrazovanie/38.02.01_РП_ОГСЭ.01_Основы-философии_2023.pdf,
ОТСУТСТВУЕТ ЛОКАЛЬНО,ZIP,998 КБ,1022894,docs/obrazovanie/38.02.01_РП_ОГСЭ.01_Основы-философии_2023.zip,
ОТСУТСТВУЕТ ЛОКАЛЬНО,PDF,925 КБ,947504,docs/obrazovanie/38.02.01_РП_ОГСЭ.01_Основы-философии_2024.pdf,
ОТСУТСТВУЕТ ЛОКАЛЬНО,ZIP,1 МБ,1079515,docs/obrazovanie/38.02.01_РП_ОГСЭ.01_Основы-философии_2024.zip,
ОТСУТСТВУЕТ ЛОКАЛЬНО,PDF,562 КБ,575873,docs/obrazovanie/38.02.01_РП_ОГСЭ.02_История_2023.pdf,
ОТСУТСТВУЕТ ЛОКАЛЬНО,ZIP,967 КБ,990989,docs/obrazovanie/38.02.01_РП_ОГСЭ.02_История_2023.zip,
ОТСУТСТВУЕТ ЛОКАЛЬНО,PDF,1 МБ,1611934,docs/obrazovanie/38.02.01_РП_ОГСЭ.02_История_2024.pdf,
ОТСУТСТВУЕТ ЛОКАЛЬНО,ZIP,1 МБ,1689517,docs/obrazovanie/38.02.01_РП_ОГСЭ.02_История_2024.zip,
ОТСУТСТВУЕТ ЛОКАЛЬНО,PDF,1 МБ,1895591,docs/obrazovanie/38.02.01_РП_ОГСЭ.04_Физ.-культура_2024.pdf,
ОТСУТСТВУЕТ ЛОКАЛЬНО,ZIP,1 МБ,1971120,docs/obrazovanie/38.02.01_РП_ОГСЭ.04_Физ.-культура_2024.zip,
ОТСУТСТВУЕТ ЛОКАЛЬНО,PDF,456 КБ,467350,docs/obrazovanie/38.02.01_РП_ОГСЭ.05_Психология-общения_2023.pdf,
ОТСУТСТВУЕТ ЛОКАЛЬНО,ZIP,858 КБ,878791,docs/obrazovanie/38.02.01_РП_ОГСЭ.05_Психология-общения_2023.zip,
ОТСУТСТВУЕТ ЛОКАЛЬНО,PDF,1 МБ,1420589,docs/obrazovanie/38.02.01_РП_ОГСЭ.05_Психология-общения_2024.pdf,
ОТСУТСТВУЕТ ЛОКАЛЬНО,ZIP,1 МБ,1544203,docs/obrazovanie/38.02.01_РП_ОГСЭ.05_Психология-общения_2024.zip,
ОТСУТСТВУЕТ ЛОКАЛЬНО,PDF,571 КБ,584985,docs/obrazovanie/38.02.01_РП_ОП.01_Экономика-организации_2023.pdf,
ОТСУТСТВУЕТ ЛОКАЛЬНО,ZIP,975 КБ,999295,docs/obrazovanie/38.02.01_РП_ОП.01_Экономика-организации_2023.zip,
ОТСУТСТВУЕТ ЛОКАЛЬНО,PDF,1 МБ,1573359,docs/obrazovanie/38.02.01_РП_ОП.01_Экономика-организации_2024.pdf,
ОТСУТСТВУЕТ ЛОКАЛЬНО,ZIP,1 МБ,1937109,docs/obrazovanie/38.02.01_РП_ОП.01_Экономика-организации_2024.zip,
ОТСУТСТВУЕТ ЛОКАЛЬНО,PDF,1 МБ,1532122,docs/obrazovanie/38.02.01_РП_ОП.01_Экономика-организации_2025.pdf,
ОТСУТСТВУЕТ ЛОКАЛЬНО,PDF,638 КБ,653526,docs/obrazovanie/38.02.01_РП_ОП.02_Финансы-денежное-обращение-и-кредит_2023.pdf,
ОТСУТСТВУЕТ ЛОКАЛЬНО,ZIP,1 МБ,1058952,docs/obrazovanie/38.02.01_РП_ОП.02_Финансы-денежное-обращение-и-кредит_2023.zip,
ОТСУТСТВУЕТ ЛОКАЛЬНО,PDF,986 КБ,1009832,docs/obrazovanie/38.02.01_РП_ОП.02_Финансы-денежное-обращение-и-кредит_2024.pdf,
ОТСУТСТВУЕТ ЛОКАЛЬНО,ZIP,1 МБ,1396823,docs/obrazovanie/38.02.01_РП_ОП.02_Финансы-денежное-обращение-и-кредит_2024.zip,
ОТСУТСТВУЕТ ЛОКАЛЬНО,PDF,551 КБ,564951,docs/obrazovanie/38.02.01_РП_ОП.03_Налоги-и-налогообложение_2023.pdf,
ОТСУТСТВУЕТ ЛОКАЛЬНО,ZIP,958 КБ,981297,docs/obrazovanie/38.02.01_РП_ОП.03_Налоги-и-налогообложение_2023.zip,
ОТСУТСТВУЕТ ЛОКАЛЬНО,PDF,1 МБ,1580767,docs/obrazovanie/38.02.01_РП_ОП.03_Налоги-и-налогообложение_2024.pdf,
ОТСУТСТВУЕТ ЛОКАЛЬНО,ZIP,1 МБ,1951911,docs/obrazovanie/38.02.01_РП_ОП.03_Налоги-и-налогообложение_2024.zip,
ОТСУТСТВУЕТ ЛОКАЛЬНО,PDF,1 МБ,1722808,docs/obrazovanie/38.02.01_РП_ОП.03_Налоги_2025.pdf,
ОТСУТСТВУЕТ ЛОКАЛЬНО,PDF,1 МБ,1670618,docs/obrazovanie/38.02.01_РП_ОП.04_-Аудит_-2025.pdf,
ОТСУТСТВУЕТ ЛОКАЛЬНО,PDF,576 КБ,590254,docs/obrazovanie/38.02.01_РП_ОП.04_Основы-бух.-учета_2023.pdf,
ОТСУТСТВУЕТ ЛОКАЛЬНО,ZIP,983 КБ,1007336,docs/obrazovanie/38.02.01_РП_ОП.04_Основы-бух.-учета_2023.zip,
ОТСУТСТВУЕТ ЛОКАЛЬНО,ZIP,2 МБ,2100386,docs/obrazovanie/38.02.01_РП_ОП.04_Основы-бух.-учета_2024.zip,
ОТСУТСТВУЕТ ЛОКАЛЬНО,PDF,1 МБ,1750631,docs/obrazovanie/38.02.01_РП_ОП.04_Основы-бух.учета_2024.pdf,
ОТСУТСТВУЕТ ЛОКАЛЬНО,PDF,560 КБ,574320,docs/obrazovanie/38.02.01_РП_ОП.05_-Аудит_-2023.pdf,
ОТСУТСТВУЕТ ЛОКАЛЬНО,ZIP,965 КБ,988733,docs/obrazovanie/38.02.01_РП_ОП.05_-Аудит_-2023.zip,
ОТСУТСТВУЕТ ЛОКАЛЬНО,PDF,1 МБ,1375256,docs/obrazovanie/38.02.01_РП_ОП.05_-Аудит_-2024.pdf,
ОТСУТСТВУЕТ ЛОКАЛЬНО,ZIP,1 МБ,1746226,docs/obrazovanie/38.02.01_РП_ОП.05_-Аудит_-2024.zip,
ОТСУТСТВУЕТ ЛОКАЛЬНО,PDF,544 КБ,557319,docs/obrazovanie/38.02.01_РП_ОП.06_ДОУ_2023.pdf,
ОТСУТСТВУЕТ ЛОКАЛЬНО,ZIP,949 КБ,972440,docs/obrazovanie/38.02.01_РП_ОП.06_ДОУ_2023.zip,
ОТСУТСТВУЕТ ЛОКАЛЬНО,PDF,1 МБ,1555231,docs/obrazovanie/38.02.01_РП_ОП.06_ДОУ_2024.pdf,
ОТСУТСТВУЕТ ЛОКАЛЬНО,ZIP,1 МБ,1926393,docs/obrazovanie/38.02.01_РП_ОП.06_ДОУ_2024.zip,
ОТСУТСТВУЕТ ЛОКАЛЬНО,PDF,1 МБ,1893586,docs/obrazovanie/38.02.01_РП_ОП.06_Статистика_2025.pdf,
ОТСУТСТВУЕТ ЛОКАЛЬНО,PDF,753 КБ,771288,docs/obrazovanie/38.02.01_РП_ОП.07_Менеджмент_2023.pdf,
ОТСУТСТВУЕТ ЛОКАЛЬНО,ZIP,1 МБ,1187655,docs/obrazovanie/38.02.01_РП_ОП.07_Менеджмент_2023.zip,
ОТСУТСТВУЕТ ЛОКАЛЬНО,PDF,1 МБ,1964622,docs/obrazovanie/38.02.01_РП_ОП.07_Менеджмент_2024.pdf,
ОТСУТСТВУЕТ ЛОКАЛЬНО,ZIP,2 МБ,2307652,docs/obrazovanie/38.02.01_РП_ОП.07_Менеджмент_2024.zip,
ОТСУТСТВУЕТ ЛОКАЛЬНО,PDF,1 МБ,1508103,docs/obrazovanie/38.02.01_РП_ОП.07_Основы-управл.-учета_2025.pdf,
ОТСУТСТВУЕТ ЛОКАЛЬНО,PDF,1 МБ,1859426,docs/obrazovanie/38.02.01_РП_ОП.08_Бух.-учёт-с-применением-ЦТ_2025.pdf,
ОТСУТСТВУЕТ ЛОКАЛЬНО,PDF,566 КБ,579698,docs/obrazovanie/38.02.01_РП_ОП.08_Основы-предпр-деят_2023.pdf,
ОТСУТСТВУЕТ ЛОКАЛЬНО,ZIP,962 КБ,985627,docs/obrazovanie/38.02.01_РП_ОП.08_Основы-предпр-деят_2023.zip,
ОТСУТСТВУЕТ ЛОКАЛЬНО,ZIP,1 МБ,2083734,docs/obrazovanie/38.02.01_РП_ОП.08_Основы-предпр-деят_2024.zip,
ОТСУТСТВУЕТ ЛОКАЛЬНО,PDF,1 МБ,1717870,docs/obrazovanie/38.02.01_РП_ОП.08_Основы-предпринимательской-деятельности_2024.pdf,
ОТСУТСТВУЕТ ЛОКАЛЬНО,PDF,754 КБ,772554,docs/obrazovanie/38.02.01_РП_ОП.09_Информ-технологии-в-проф-деятельномти_2023.pdf,
ОТСУТСТВУЕТ ЛОКАЛЬНО,ZIP,1 МБ,1184575,docs/obrazovanie/38.02.01_РП_ОП.09_Информ-технологии-в-проф-деятельномти_2023.zip,
ОТСУТСТВУЕТ ЛОКАЛЬНО,ZIP,1 МБ,1984010,docs/obrazovanie/38.02.01_РП_ОП.09_Информ-технологии-в-проф-деятельномти_2024.zip,
ОТСУТСТВУЕТ ЛОКАЛЬНО,PDF,1 МБ,1594106,docs/obrazovanie/38.02.01_РП_ОП.09_Информ-технологии-в-проф.деятельности_2024.pdf,
ОТСУТСТВУЕТ ЛОКАЛЬНО,PDF,1 МБ,1712444,docs/obrazovanie/38.02.01_РП_ОП.09_Основы-ПД-и-Б-П_2025.pdf,
ОТСУТСТВУЕТ ЛОКАЛЬНО,PDF,526 КБ,539618,docs/obrazovanie/38.02.01_РП_ОП.10_БЖД_2023.pdf,
ОТСУТСТВУЕТ ЛОКАЛЬНО,ZIP,939 КБ,962036,docs/obrazovanie/38.02.01_РП_ОП.10_БЖД_2023.zip,
ОТСУТСТВУЕТ ЛОКАЛЬНО,PDF,1 МБ,1208591,docs/obrazovanie/38.02.01_РП_ОП.10_БЖД_2024.pdf,
ОТСУТСТВУЕТ ЛОКАЛЬНО,ZIP,1 МБ,1590940,docs/obrazovanie/38.02.01_РП_ОП.10_БЖД_2024.zip,
ОТСУТСТВУЕТ ЛОКАЛЬНО,PDF,1 МБ,1764520,docs/obrazovanie/38.02.01_РП_ОП.11_ДОУ_2025.pdf,
ОТСУТСТВУЕТ ЛОКАЛЬНО,PDF,690 КБ,707272,docs/obrazovanie/38.02.01_РП_ОП.11_Статистика_2023.pdf,
ОТСУТСТВУЕТ ЛОКАЛЬНО,ZIP,1 МБ,1105061,docs/obrazovanie/38.02.01_РП_ОП.11_Статистика_2023.zip,
ОТСУТСТВУЕТ ЛОКАЛЬНО,PDF,1 МБ,1876539,docs/obrazovanie/38.02.01_РП_ОП.11_Статистика_2024.pdf,
ОТСУТСТВУЕТ ЛОКАЛЬНО,ZIP,2 МБ,2208889,docs/obrazovanie/38.02.01_РП_ОП.11_Статистика_2024.zip,
ОТСУТСТВУЕТ ЛОКАЛЬНО,PDF,515 КБ,528111,docs/obrazovanie/38.02.01_РП_ОП.12_Анализ-хоз.-деятельности_2023.pdf,
ОТСУТСТВУЕТ ЛОКАЛЬНО,ZIP,928 КБ,951279,docs/obrazovanie/38.02.01_РП_ОП.12_Анализ-хоз.-деятельности_2023.zip,
ОТСУТСТВУЕТ ЛОКАЛЬНО,ZIP,1 МБ,1815048,docs/obrazovanie/38.02.01_РП_ОП.12_Анализ-хоз.-деятельности_2024.zip,
ОТСУТСТВУЕТ ЛОКАЛЬНО,PDF,1 МБ,1450474,docs/obrazovanie/38.02.01_РП_ОП.12_Анализ-хоз.деятельности_2024.pdf,
ОТСУТСТВУЕТ ЛОКАЛЬНО,PDF,533 КБ,546634,docs/obrazovanie/38.02.01_РП_ОП.13_Бизнес-планирование_2023.pdf,
ОТСУТСТВУЕТ ЛОКАЛЬНО,ZIP,941 КБ,964097,docs/obrazovanie/38.02.01_РП_ОП.13_Бизнес-планирование_2023.zip,
ОТСУТСТВУЕТ ЛОКАЛЬНО,PDF,1 МБ,1825671,docs/obrazovanie/38.02.01_РП_ОП.13_Бизнес-планирование_2024.pdf,
ОТСУТСТВУЕТ ЛОКАЛЬНО,ZIP,2 МБ,2183195,docs/obrazovanie/38.02.01_РП_ОП.13_Бизнес-планирование_2024.zip,
ОТСУТСТВУЕТ ЛОКАЛЬНО,PDF,1 МБ,1904082,docs/obrazovanie/38.02.01_РП_ОУД.01_Русский-язык_2025.pdf,
ОТСУТСТВУЕТ ЛОКАЛЬНО,PDF,2 МБ,2305559,docs/obrazovanie/38.02.01_РП_ОУД.02_Литература_2025.pdf,
ОТСУТСТВУЕТ ЛОКАЛЬНО,PDF,2 МБ,2619255,docs/obrazovanie/38.02.01_РП_ОУД.03_Ин.-язык_2025.pdf,
ОТСУТСТВУЕТ ЛОКАЛЬНО,PDF,1 МБ,1960337,docs/obrazovanie/38.02.01_РП_ОУД.04_История_2025.pdf,
ОТСУТСТВУЕТ ЛОКАЛЬНО,PDF,1 МБ,1907795,docs/obrazovanie/38.02.01_РП_ОУД.05_Физика_2025.pdf,
ОТСУТСТВУЕТ ЛОКАЛЬНО,PDF,1 МБ,1910584,docs/obrazovanie/38.02.01_РП_ОУД.06_Химия_2025.pdf,
ОТСУТСТВУЕТ ЛОКАЛЬНО,PDF,1 МБ,1576521,docs/obrazovanie/38.02.01_РП_ОУД.07_Биология_2025.pdf,
ОТСУТСТВУЕТ ЛОКАЛЬНО,PDF,1 МБ,1962305,docs/obrazovanie/38.02.01_РП_ОУД.08_География_2025.pdf,
ОТСУТСТВУЕТ ЛОКАЛЬНО,PDF,1 МБ,1814299,docs/obrazovanie/38.02.01_РП_ОУД.09_Физ.-культура_2025.pdf,
ОТСУТСТВУЕТ ЛОКАЛЬНО,PDF,2 МБ,2238842,docs/obrazovanie/38.02.01_РП_ОУД.10_ОБЗР_2025.pdf,
ОТСУТСТВУЕТ ЛОКАЛЬНО,PDF,1 МБ,1717318,docs/obrazovanie/38.02.01_РП_ОУД.11_Индив.-проект_2025.pdf,
ОТСУТСТВУЕТ ЛОКАЛЬНО,PDF,2 МБ,2484298,docs/obrazovanie/38.02.01_РП_ОУД.12_Математика_2025.pdf,
ОТСУТСТВУЕТ ЛОКАЛЬНО,PDF,1 МБ,1970265,docs/obrazovanie/38.02.01_РП_ОУД.13_Информатика_2025.pdf,
ОТСУТСТВУЕТ ЛОКАЛЬНО,PDF,2 МБ,2313685,docs/obrazovanie/38.02.01_РП_ОУД.14_Обществознание_2025.pdf,
ОТСУТСТВУЕТ ЛОКАЛЬНО,PDF,678 КБ,694396,docs/obrazovanie/38.02.01_РП_ПМ.01_2023.pdf,
ОТСУТСТВУЕТ ЛОКАЛЬНО,ZIP,1 МБ,1104678,docs/obrazovanie/38.02.01_РП_ПМ.01_2023.zip,
ОТСУТСТВУЕТ ЛОКАЛЬНО,PDF,2 МБ,2149345,docs/obrazovanie/38.02.01_РП_ПМ.01_2025.pdf,
ОТСУТСТВУЕТ ЛОКАЛЬНО,PDF,688 КБ,704529,docs/obrazovanie/38.02.01_РП_ПМ.02_2023.pdf,
ОТСУТСТВУЕТ ЛОКАЛЬНО,ZIP,1 МБ,1109066,docs/obrazovanie/38.02.01_РП_ПМ.02_2023.zip,
ОТСУТСТВУЕТ ЛОКАЛЬНО,PDF,785 КБ,804237,docs/obrazovanie/38.02.01_РП_ПМ.03_2023.pdf,
ОТСУТСТВУЕТ ЛОКАЛЬНО,ZIP,1 МБ,1197170,docs/obrazovanie/38.02.01_РП_ПМ.03_2023.zip,
ОТСУТСТВУЕТ ЛОКАЛЬНО,PDF,643 КБ,658700,docs/obrazovanie/38.02.01_РП_ПМ.04_-2023.pdf,
ОТСУТСТВУЕТ ЛОКАЛЬНО,ZIP,1 МБ,1067776,docs/obrazovanie/38.02.01_РП_ПМ.04_-2023.zip,
ОТСУТСТВУЕТ ЛОКАЛЬНО,PDF,573 КБ,587694,docs/obrazovanie/38.02.01_РП_ПМ.05_2023.pdf,
ОТСУТСТВУЕТ ЛОКАЛЬНО,ZIP,981 КБ,1004875,docs/obrazovanie/38.02.01_РП_ПМ.05_2023.zip,
ОТСУТСТВУЕТ ЛОКАЛЬНО,PDF,1 МБ,1544014,docs/obrazovanie/38.02.01_РП_СГ.01_История-России_2025.pdf,
ОТСУТСТВУЕТ ЛОКАЛЬНО,PDF,1 МБ,1928677,docs/obrazovanie/38.02.01_РП_СГ.02_Ин.-язык-в-проф.-деятельности_2025.pdf,
ОТСУТСТВУЕТ ЛОКАЛЬНО,PDF,1 МБ,1743702,docs/obrazovanie/38.02.01_РП_СГ.03_БЖД_2025.pdf,
ОТСУТСТВУЕТ ЛОКАЛЬНО,PDF,1 МБ,1947559,docs/obrazovanie/38.02.01_РП_СГ.04_Физ.-культура_2025.pdf,
ОТСУТСТВУЕТ ЛОКАЛЬНО,PDF,1 МБ,1471710,docs/obrazovanie/38.02.01_РП_СГ.05_Основы-фин.-грамотности_2025.pdf,
ОТСУТСТВУЕТ ЛОКАЛЬНО,PDF,1 МБ,1561468,docs/obrazovanie/38.02.01_РП_СГ.06_Основы-философии_2025.pdf,
ОТСУТСТВУЕТ ЛОКАЛЬНО,DOCX,7 МБ,7908904,docs/obrazovanie/43.01.09-_РП_ОУД.07-Биология_2024.docx,
ОТСУТСТВУЕТ ЛОКАЛЬНО,ZIP,7 МБ,7894411,docs/obrazovanie/43.01.09-_РП_ОУД.07-Биология_2024.docx.zip,
ОТСУТСТВУЕТ ЛОКАЛЬНО,DOCX,7 МБ,7994193,docs/obrazovanie/43.01.09-_РП_ОУД.13-Химия_2024.docx,
ОТСУТСТВУЕТ ЛОКАЛЬНО,ZIP,7 МБ,7978748,docs/obrazovanie/43.01.09-_РП_ОУД.13-Химия_2024.docx.zip,
ОТСУТСТВУЕТ ЛОКАЛЬНО,DOCX,14 МБ,15294234,docs/obrazovanie/43.01.09-_РП_ОУД.14-Физика_2024.docx,
ОТСУТСТВУЕТ ЛОКАЛЬНО,ZIP,14 МБ,15275969,docs/obrazovanie/43.01.09-_РП_ОУД.14-Физика_2024.docx.zip,
ОТСУТСТВУЕТ ЛОКАЛЬНО,ZIP,266 КБ,272857,docs/obrazovanie/43.01.09-Повар.-кондитер.zip,
ОТСУТСТВУЕТ ЛОКАЛЬНО,DOC,1 МБ,1385984,docs/obrazovanie/43.01.09_АОП_Повар-кондитер_2024.doc,
ОТСУТСТВУЕТ ЛОКАЛЬНО,ZIP,253 КБ,259846,docs/obrazovanie/43.01.09_АОП_Повар-кондитер_2024.zip,
ОТСУТСТВУЕТ ЛОКАЛЬНО,PDF,6 МБ,7094040,docs/obrazovanie/43.01.09_Календарный-план-ВР_2024-2025.pdf,
ОТСУТСТВУЕТ ЛОКАЛЬНО,DOC,3 МБ,4113408,docs/obrazovanie/43.01.09_ОПОП_Повар-кондитер_2022.doc,
ОТСУТСТВУЕТ ЛОКАЛЬНО,DOC,7 МБ,7938048,docs/obrazovanie/43.01.09_ОПОП_Повар-кондитер_2023-2024-2-для-САЙТА-1.doc,
ОТСУТСТВУЕТ ЛОКАЛЬНО,ZIP,3 МБ,3245609,docs/obrazovanie/43.01.09_ОПОП_Повар-кондитер_2023-2024-2-для-САЙТА-1.doc.zip,
ОТСУТСТВУЕТ ЛОКАЛЬНО,DOC,2 МБ,2253312,docs/obrazovanie/43.01.09_ОПОП_Повар-кондитер_2024.doc,
ОТСУТСТВУЕТ ЛОКАЛЬНО,ZIP,1 МБ,1176638,docs/obrazovanie/43.01.09_ОПОП_Повар-кондитер_2024.zip,
ОТСУТСТВУЕТ ЛОКАЛЬНО,PDF,1 МБ,1369788,docs/obrazovanie/43.01.09_Программа-ГИА_2025-2026.pdf,
ОТСУТСТВУЕТ ЛОКАЛЬНО,ZIP,1 МБ,1237386,docs/obrazovanie/43.01.09_Программа-ГИА_2025-2026.zip,
ОТСУТСТВУЕТ ЛОКАЛЬНО,DOCX,8 МБ,8940226,docs/obrazovanie/43.01.09_РП-_ОУД.-09-Физическая-культура_2024.docx,
ОТСУТСТВУЕТ ЛОКАЛЬНО,ZIP,8 МБ,8929092,docs/obrazovanie/43.01.09_РП-_ОУД.-09-Физическая-культура_2024.docx.zip,
ОТСУТСТВУЕТ ЛОКАЛЬНО,DOCX,8 МБ,9120756,docs/obrazovanie/43.01.09_РП-_ОУД.-18-Основы-предпринимательства_2024.docx,
ОТСУТСТВУЕТ ЛОКАЛЬНО,ZIP,8 МБ,9107735,docs/obrazovanie/43.01.09_РП-_ОУД.-18-Основы-предпринимательства_2024.docx.zip,
ОТСУТСТВУЕТ ЛОКАЛЬНО,DOCX,12 МБ,13075269,docs/obrazovanie/43.01.09_РП-_ПМ-04-Приготовление-оформление-и-подготовка-к-реализации.docx,
ОТСУТСТВУЕТ ЛОКАЛЬНО,ZIP,12 МБ,13060896,docs/obrazovanie/43.01.09_РП-_ПМ-04-Приготовление-оформление-и-подготовка-к-реализации.zip,
ОТСУТСТВУЕТ ЛОКАЛЬНО,DOCX,5 МБ,5796235,docs/obrazovanie/43.01.09_РП-_УП_2024.docx,
ОТСУТСТВУЕТ ЛОКАЛЬНО,ZIP,5 МБ,5789927,docs/obrazovanie/43.01.09_РП-_УП_2024.docx.zip,
ОТСУТСТВУЕТ ЛОКАЛЬНО,ZIP,11 МБ,12383855,docs/obrazovanie/43.01.09_РП-ПМ-03-Приготовление-оформление-и-подготовка-к-реализации.zip,
ОТСУТСТВУЕТ ЛОКАЛЬНО,DOCX,4 МБ,4393668,docs/obrazovanie/43.01.09_РП_ОП.-04-_Экономические-и-правовые-основы-профессиональной-деятельности-_2024.docx,
ОТСУТСТВУЕТ ЛОКАЛЬНО,ZIP,4 МБ,4385424,docs/obrazovanie/43.01.09_РП_ОП.-04-_Экономические-и-правовые-основы-профессиональной-деятельности-_2024.docx.zip,
ОТСУТСТВУЕТ ЛОКАЛЬНО,DOCX,57 КБ,58498,docs/obrazovanie/43.01.09_РП_ОП.-05-Основы-калькуляции-и-учёта_2024-г.docx,
ОТСУТСТВУЕТ ЛОКАЛЬНО,ZIP,56 КБ,57999,docs/obrazovanie/43.01.09_РП_ОП.-05-Основы-калькуляции-и-учёта_2024-г.docx.zip,
ОТСУТСТВУЕТ ЛОКАЛЬНО,DOCX,5 МБ,5434904,docs/obrazovanie/43.01.09_РП_ОП.01-Основы-микробиологии-физиологии-питания-санитарии-и-гигиены_2024.docx,
ОТСУТСТВУЕТ ЛОКАЛЬНО,ZIP,5 МБ,5423488,docs/obrazovanie/43.01.09_РП_ОП.01-Основы-микробиологии-физиологии-питания-санитарии-и-гигиены_2024.docx.zip,
ОТСУТСТВУЕТ ЛОКАЛЬНО,PDF,12 МБ,12616297,docs/obrazovanie/43.01.09_РП_ОП.02-Основы-товароведения-продовольственных-товаров_2024.pdf,
ОТСУТСТВУЕТ ЛОКАЛЬНО,ZIP,12 МБ,12610289,docs/obrazovanie/43.01.09_РП_ОП.02-Основы-товароведения-продовольственных-товаров_2024.pdf.zip,
ОТСУТСТВУЕТ ЛОКАЛЬНО,DOCX,7 МБ,7898490,docs/obrazovanie/43.01.09_РП_ОП.03-Техническое-оснащение-и-организация-рабочего-места_2024.docx,
ОТСУТСТВУЕТ ЛОКАЛЬНО,ZIP,7 МБ,7889232,docs/obrazovanie/43.01.09_РП_ОП.03-Техническое-оснащение-и-организация-рабочего-места_2024.docx.zip,
ОТСУТСТВУЕТ ЛОКАЛЬНО,DOCX,3 МБ,3630287,docs/obrazovanie/43.01.09_РП_ОП.07-Иностранный-язык-в-профессиональной-деятельности_2024.docx,
ОТСУТСТВУЕТ ЛОКАЛЬНО,ZIP,3 МБ,3621112,docs/obrazovanie/43.01.09_РП_ОП.07-Иностранный-язык-в-профессиональной-деятельности_2024.docx.zip,
ОТСУТСТВУЕТ ЛОКАЛЬНО,DOCX,4 МБ,5081213,docs/obrazovanie/43.01.09_РП_ОП.08-БЖ_2024.docx,
ОТСУТСТВУЕТ ЛОКАЛЬНО,ZIP,4 МБ,5070634,docs/obrazovanie/43.01.09_РП_ОП.08-БЖ_2024.docx.zip,
ОТСУТСТВУЕТ ЛОКАЛЬНО,DOCX,10 МБ,10487320,docs/obrazovanie/43.01.09_РП_ОП.09-Физическая-культура_2024.docx,
ОТСУТСТВУЕТ ЛОКАЛЬНО,ZIP,9 МБ,10472184,docs/obrazovanie/43.01.09_РП_ОП.09-Физическая-культура_2024.docx.zip,
ОТСУТСТВУЕТ ЛОКАЛЬНО,DOC,9 МБ,10227200,docs/obrazovanie/43.01.09_РП_ОП06.-Охрана-труда_2024.doc,
ОТСУТСТВУЕТ ЛОКАЛЬНО,ZIP,5 МБ,5369627,docs/obrazovanie/43.01.09_РП_ОП06.-Охрана-труда_2024.doc.zip,
ОТСУТСТВУЕТ ЛОКАЛЬНО,DOCX,4 МБ,4576005,docs/obrazovanie/43.01.09_РП_ОУД.-02-Литература_-2024.docx,
ОТСУТСТВУЕТ ЛОКАЛЬНО,ZIP,4 МБ,4564278,docs/obrazovanie/43.01.09_РП_ОУД.-02-Литература_-2024.docx.zip,
ОТСУТСТВУЕТ ЛОКАЛЬНО,DOCX,9 МБ,9733735,docs/obrazovanie/43.01.09_РП_ОУД.-20-Информационно-коммуникативные-технологии-в-промышленности.docx,
ОТСУТСТВУЕТ ЛОКАЛЬНО,ZIP,9 МБ,9716939,docs/obrazovanie/43.01.09_РП_ОУД.-20-Информационно-коммуникативные-технологии-в-промышленности.docx.zip,
ОТСУТСТВУЕТ ЛОКАЛЬНО,DOCX,9 МБ,9457148,docs/obrazovanie/43.01.09_РП_ОУД.03-Иностранный-язык_2024-г.docx,
ОТСУТСТВУЕТ ЛОКАЛЬНО,ZIP,9 МБ,9437971,docs/obrazovanie/43.01.09_РП_ОУД.03-Иностранный-язык_2024-г.docx.zip,
ОТСУТСТВУЕТ ЛОКАЛЬНО,DOCX,10 МБ,11487219,docs/obrazovanie/43.01.09_РП_ОУД.04-Математика_2024.docx,
ОТСУТСТВУЕТ ЛОКАЛЬНО,ZIP,10 МБ,11466689,docs/obrazovanie/43.01.09_РП_ОУД.04-Математика_2024.docx.zip,
ОТСУТСТВУЕТ ЛОКАЛЬНО,DOC,18 МБ,18988720,docs/obrazovanie/43.01.09_РП_ОУД.05-История_2024.doc,
ОТСУТСТВУЕТ ЛОКАЛЬНО,ZIP,12 МБ,13128742,docs/obrazovanie/43.01.09_РП_ОУД.05-История_2024.doc.zip,
ОТСУТСТВУЕТ ЛОКАЛЬНО,DOC,19 МБ,20288734,docs/obrazovanie/43.01.09_РП_ОУД.06-Обществознание.doc,
ОТСУТСТВУЕТ ЛОКАЛЬНО,ZIP,14 МБ,14976716,docs/obrazovanie/43.01.09_РП_ОУД.06-Обществознание.doc.zip,
ОТСУТСТВУЕТ ЛОКАЛЬНО,DOCX,6 МБ,6706844,docs/obrazovanie/43.01.09_РП_ОУД.08-География_2024.docx,
ОТСУТСТВУЕТ ЛОКАЛЬНО,ZIP,6 МБ,6696566,docs/obrazovanie/43.01.09_РП_ОУД.08-География_2024.docx.zip,
ОТСУТСТВУЕТ ЛОКАЛЬНО,DOCX,13 МБ,14587080,docs/obrazovanie/43.01.09_РП_ОУД.10-ОБЗР_2024.docx,
ОТСУТСТВУЕТ ЛОКАЛЬНО,ZIP,13 МБ,14569546,docs/obrazovanie/43.01.09_РП_ОУД.10-ОБЗР_2024.docx.zip,
ОТСУТСТВУЕТ ЛОКАЛЬНО,DOCX,8 МБ,8888062,docs/obrazovanie/43.01.09_РП_ОУД.11-Индивидуальный-проект_2024.docx,
ОТСУТСТВУЕТ ЛОКАЛЬНО,ZIP,8 МБ,8867990,docs/obrazovanie/43.01.09_РП_ОУД.11-Индивидуальный-проект_2024.docx.zip,
ОТСУТСТВУЕТ ЛОКАЛЬНО,DOCX,10 МБ,11084540,docs/obrazovanie/43.01.09_РП_ОУД.12-Информатика_2024.docx,
ОТСУТСТВУЕТ ЛОКАЛЬНО,ZIP,10 МБ,11066265,docs/obrazovanie/43.01.09_РП_ОУД.12-Информатика_2024.docx.zip,
ОТСУТСТВУЕТ ЛОКАЛЬНО,DOCX,10 МБ,10958782,docs/obrazovanie/43.01.09_РП_ОУД.15_Экология_2024.docx,
ОТСУТСТВУЕТ ЛОКАЛЬНО,ZIP,10 МБ,10943336,docs/obrazovanie/43.01.09_РП_ОУД.15_Экология_2024.docx.zip,
ОТСУТСТВУЕТ ЛОКАЛЬНО,DOCX,6 МБ,6710770,docs/obrazovanie/43.01.09_РП_ОУД.16-Астрономия_2024.docx,
ОТСУТСТВУЕТ ЛОКАЛЬНО,ZIP,6 МБ,6700346,docs/obrazovanie/43.01.09_РП_ОУД.16-Астрономия_2024.docx.zip,
ОТСУТСТВУЕТ ЛОКАЛЬНО,DOC,13 МБ,14026011,docs/obrazovanie/43.01.09_РП_ОУД.17-Право_2024.doc,
ОТСУТСТВУЕТ ЛОКАЛЬНО,ZIP,9 МБ,9935429,docs/obrazovanie/43.01.09_РП_ОУД.17-Право_2024.doc.zip,
ОТСУТСТВУЕТ ЛОКАЛЬНО,DOCX,10 МБ,10538705,docs/obrazovanie/43.01.09_РП_ОУД.19-Финансовая-грамотность_2024.docx,
ОТСУТСТВУЕТ ЛОКАЛЬНО,ZIP,10 МБ,10514902,docs/obrazovanie/43.01.09_РП_ОУД.19-Финансовая-грамотность_2024.docx.zip,
ОТСУТСТВУЕТ ЛОКАЛЬНО,DOCX,6 МБ,6556510,docs/obrazovanie/43.01.09_РП_ОУД.21-Деловой-этикет_2024.docx,
ОТСУТСТВУЕТ ЛОКАЛЬНО,ZIP,6 МБ,6544852,docs/obrazovanie/43.01.09_РП_ОУД.21-Деловой-этикет_2024.docx.zip,
ОТСУТСТВУЕТ ЛОКАЛЬНО,DOCX,12 МБ,12717430,docs/obrazovanie/43.01.09_РП_ПМ-05-Приготовление-оформление-и-подготовка-к-реализации.docx,
ОТСУТСТВУЕТ ЛОКАЛЬНО,ZIP,12 МБ,12699371,docs/obrazovanie/43.01.09_РП_ПМ-05-Приготовление-оформление-и-подготовка-к-реализации.zip,
ОТСУТСТВУЕТ ЛОКАЛЬНО,DOCX,11 МБ,12087014,docs/obrazovanie/43.01.09_РП_ПМ.-01Приготовление-и-подготовка-к-реализации-полуфабрикатов-для-блюд-кулинарных-изделий-разнообразного-ассортимента.docx,
ОТСУТСТВУЕТ ЛОКАЛЬНО,ZIP,11 МБ,12065256,docs/obrazovanie/43.01.09_РП_ПМ.-01Приготовление-и-подготовка-к-реализации-полуфабрикатов-для-блюд-кулинарных-изделий-разнообразного-ассортимента.docx.zip,
ОТСУТСТВУЕТ ЛОКАЛЬНО,ZIP,12 МБ,12666122,docs/obrazovanie/43.01.09_РП_ПМ.02-Горячие-блюда.doc.zip,
ОТСУТСТВУЕТ ЛОКАЛЬНО,DOC,19 МБ,20506372,docs/obrazovanie/43.01.09_РП_ПМ.02-Приготовление-оформление-и-подготовка-к-реализации-горячих-блюд-кулинарных-изделий-закусок-разнообразного-ассортимента.doc,
ОТСУТСТВУЕТ ЛОКАЛЬНО,DOC,18 МБ,19108864,docs/obrazovanie/43.01.09_РП_ПМ.03-Холодные-блюда.doc,
ОТСУТСТВУЕТ ЛОКАЛЬНО,DOCX,5 МБ,6195025,docs/obrazovanie/43.01.09_РП_ПП_2024.docx,
ОТСУТСТВУЕТ ЛОКАЛЬНО,ZIP,5 МБ,6186279,docs/obrazovanie/43.01.09_РП_ПП_2024.docx.zip,
ОТСУТСТВУЕТ ЛОКАЛЬНО,PNG,102 КБ,105306,docs/obrazovanie/Screenshot-2025-07-17-at-07-42-57-Отчет-о-проверке-ЭП.png,
ОТСУТСТВУЕТ ЛОКАЛЬНО,PDF,1 МБ,1594418,docs/obrazovanie/АООП-СПО-ППССЗ-для-08.02.09-2024.pdf,
ОТСУТСТВУЕТ ЛОКАЛЬНО,ZIP,1 МБ,1626417,docs/obrazovanie/АООП-СПО-ППССЗ-для-08.02.09-2024.zip,
ОТСУТСТВУЕТ ЛОКАЛЬНО,DOC,79 КБ,80896,docs/obrazovanie/Аннотация-программы-по-дисциплине-Приготовление-и-подготовка-к-реализации-полуфабрикатов-кулинарных-изделий.DOC.doc,
ОТСУТСТВУЕТ ЛОКАЛЬНО,DOC,87 КБ,89088,docs/obrazovanie/Аннотация-программы-по-дисциплине-Приготовление-оформление-и-подготовка-к-реализации-горячих-блюд-кулинарных-изделий.doc,
ОТСУТСТВУЕТ ЛОКАЛЬНО,DOC,75 КБ,76800,docs/obrazovanie/Аннотация-программы-по-дисциплине-Приготовление-оформление-и-подготовка-к-реализации-хлебобулочных-мучных-изделий.doc,
ОТСУТСТВУЕТ ЛОКАЛЬНО,DOC,52 КБ,53760,docs/obrazovanie/Аннотация-программы-по-дисциплине-Приготовление-оформление-и-подготовка-к-реализации-холодных-блюд.doc,
ОТСУТСТВУЕТ ЛОКАЛЬНО,PDF,263 КБ,269465,docs/obrazovanie/Выписка-из-реестра-лицензий-№-5923-9.06.21.pdf,
ОТСУТСТВУЕТ ЛОКАЛЬНО,PDF,264 КБ,270438,docs/obrazovanie/Выписка-из-реестра-лицензий-№-Л035-01276-61-00201708.pdf,
ОТСУТСТВУЕТ ЛОКАЛЬНО,PDF,268 КБ,274481,docs/obrazovanie/Выписка-из-реестра-лицензий-№-Л035-01276-61_00201708.pdf,
ОТСУТСТВУЕТ ЛОКАЛЬНО,ZIP,257 КБ,263293,docs/obrazovanie/Выписка-из-реестра-лицензий-№-Л035-01276-61_00201708.zip,
ОТСУТСТВУЕТ ЛОКАЛЬНО,PDF,269 КБ,275490,docs/obrazovanie/Выписка-из-реестра-лицензий-№Л035-01276-61-00201708-07.04.2026.pdf,
ОТСУТСТВУЕТ ЛОКАЛЬНО,DOC,1 МБ,1136128,docs/obrazovanie/ГИА-Повар-2023-2024.doc,
ОТСУТСТВУЕТ ЛОКАЛЬНО,ZIP,980 КБ,1003574,docs/obrazovanie/ГИА-Повар-2023-2024.zip,
ОТСУТСТВУЕТ ЛОКАЛЬНО,PDF,3 МБ,4164125,docs/obrazovanie/График-учебного-процесса-очного-отделения-ГБПОУ-РО-СИТ-на-2025-26-уч.год.pdf,
ОТСУТСТВУЕТ ЛОКАЛЬНО,DOCX,14 КБ,14350,docs/obrazovanie/Информация-о-результатах-перевода-восстановлении-и-отчисления-за-период-с-01.09.2022-по-12.12.2022-1.docx,
ОТСУТСТВУЕТ ЛОКАЛЬНО,DOCX,12 КБ,13288,docs/obrazovanie/Информация-о-результатах-перевода-восстановлении-и-отчисления-за-период-с-01.09.2025-по-25.12.2025.docx,
ОТСУТСТВУЕТ ЛОКАЛЬНО,DOCX,17 КБ,17902,docs/obrazovanie/Информация-о-результатах-перевода-восстановлении-и-отчисления-за-период-с-01.10.2023-по-01.10.2024-2024.docx,
ОТСУТСТВУЕТ ЛОКАЛЬНО,DOCX,13 КБ,13511,docs/obrazovanie/Информация-о-результатах-приема-в-2021-2022-уч.году-по-каждой-профессии-по-каждой-специальности-СПО-в-разрезе-источников-финансирования.docx,
ОТСУТСТВУЕТ ЛОКАЛЬНО,DOCX,13 КБ,13359,docs/obrazovanie/Информация-о-результатах-приема-в-2022-2023-уч.году-по-каждой-профессии-по-каждой-специальности-СПО-в-разрезе-источников-финансирования.docx,
ОТСУТСТВУЕТ ЛОКАЛЬНО,PDF,127 КБ,130554,docs/obrazovanie/Итоги-набора-на-обучение-2024-2025.pdf,
ОТСУТСТВУЕТ ЛОКАЛЬНО,DOCX,16 КБ,16432,docs/obrazovanie/Итоги-набора-на-очную-форму-обучения-на-базе-основного-общего-образования-2025-26.docx,
ОТСУТСТВУЕТ ЛОКАЛЬНО,DOCX,14 КБ,14600,docs/obrazovanie/Итоги-набора-на-очную-форму-обучения-на-базе-основного-общего-образования-2025.docx,
ОТСУТСТВУЕТ ЛОКАЛЬНО,PDF,2 МБ,2784043,docs/obrazovanie/Лицензия-на-осуществление-образовательной-деятельности-и-приложение-к-ней-2021.pdf,
ОТСУТСТВУЕТ ЛОКАЛЬНО,PDF,218 КБ,224188,docs/obrazovanie/О-внесении-изменений-в-реестр-лицензий-уведомление-ГБПОУ-РО-СИТ-Сальский-21.10.2022.pdf,
ОТСУТСТВУЕТ ЛОКАЛЬНО,ZIP,412 КБ,421979,docs/obrazovanie/О-внесении-изменений-в-реестр-лицензий-уведомление-ГБПОУ-РО-СИТ-Сальский-21.10.2022.zip,
ОТСУТСТВУЕТ ЛОКАЛЬНО,ZIP,84 КБ,87008,docs/obrazovanie/О-переоформлении-лицензии-ГБПОУ-РО-СИТ.zip,
ОТСУТСТВУЕТ ЛОКАЛЬНО,PDF,19 МБ,19932982,docs/obrazovanie/ПК.pdf,
ОТСУТСТВУЕТ ЛОКАЛЬНО,DOCX,3 МБ,3214215,docs/obrazovanie/ППКРС-для-15.01.05-Сварщик-2023.docx,
ОТСУТСТВУЕТ ЛОКАЛЬНО,PDF,109 КБ,112109,docs/obrazovanie/Приказ-от-18.06.2019-№-1268-о-государственной-аккредитации.pdf,
ОТСУТСТВУЕТ ЛОКАЛЬНО,PDF,156 КБ,160175,docs/obrazovanie/Приложение-к-свидетельству-о-гос.аккредитации-18.06.2019.pdf,
ОТСУТСТВУЕТ ЛОКАЛЬНО,DOCX,3 МБ,3257125,docs/obrazovanie/Программа-ГИА-2024-г.-15.01.05-Сварщик.docx,
ОТСУТСТВУЕТ ЛОКАЛЬНО,ZIP,3 МБ,3259429,docs/obrazovanie/Программа-ГИА-2024-г.-15.01.05-Сварщик.zip,
ОТСУТСТВУЕТ ЛОКАЛЬНО,PDF,23 МБ,24470919,docs/obrazovanie/Программа-ГИА-по-профессии-Мастер-контрольно-измерительных-приборов-и-автоматики.pdf,
ОТСУТСТВУЕТ ЛОКАЛЬНО,PDF,20 МБ,21693298,docs/obrazovanie/Программа-государственной-итоговой-аттестации-по-профессии-СПО-43.01.09-Повар-кондитер-2022.pdf,
ОТСУТСТВУЕТ ЛОКАЛЬНО,ZIP,20 МБ,21758262,docs/obrazovanie/Программа-государственной-итоговой-аттестации-по-профессии-СПО-43.01.09-Повар-кондитер-2022.zip,
ОТСУТСТВУЕТ ЛОКАЛЬНО,DOC,42 КБ,43520,docs/obrazovanie/Реализуемые-в-ГБПОУ-РО-СИТ-программы-подготовки-специалистов-среднего-звена-и-рабочих-и-служащих-2025.doc,
ОТСУТСТВУЕТ ЛОКАЛЬНО,PDF,7 МБ,8156127,docs/obrazovanie/СВ.pdf,
ОТСУТСТВУЕТ ЛОКАЛЬНО,PDF,469 КБ,481263,docs/obrazovanie/Свидетельство-о-государственной-аккредитации-от-18.06.2019.pdf,
ОТСУТСТВУЕТ ЛОКАЛЬНО,PDF,256 КБ,262835,docs/obrazovanie/Уведомление-о-внесении-изменений-в-реестр-лицензий.pdf,
ОТСУТСТВУЕТ ЛОКАЛЬНО,PDF,514 КБ,526892,docs/obrazovanie/Учебный-план-для-15.01.31-Мастер-контрольно-измерительных-приборов-и-автоматики-2023.pdf,
ОТСУТСТВУЕТ ЛОКАЛЬНО,ZIP,521 КБ,533858,docs/obrazovanie/Учебный-план-для-15.01.31-Мастер-контрольно-измерительных-приборов-и-автоматики-2023.zip,
ОТСУТСТВУЕТ ЛОКАЛЬНО,JPG,573 КБ,587746,docs/obrazovanie/вакантные-места-01.04.2026_page-0001.jpg,
ОТСУТСТВУЕТ ЛОКАЛЬНО,JPG,552 КБ,565268,docs/obrazovanie/вакантные-места-01.04.2026_page-0002.jpg,
ОТСУТСТВУЕТ ЛОКАЛЬНО,JPG,568 КБ,581864,docs/obrazovanie/вакантные-места-01.04.2026_page-0003.jpg,
ОТСУТСТВУЕТ ЛОКАЛЬНО,JPG,553 КБ,566915,docs/obrazovanie/вакантные-места-01.04.2026_page-0004.jpg,
ОТСУТСТВУЕТ ЛОКАЛЬНО,DOCX,25 КБ,25811,docs/pedagog/08.01.07-Мастер-общестроительных-работ.docx,
ОТСУТСТВУЕТ ЛОКАЛЬНО,ZIP,363 КБ,371730,docs/pedagog/08.01.07-Мастер-общестроительных-работ.zip,
ОТСУТСТВУЕТ ЛОКАЛЬНО,DOCX,78 КБ,80849,docs/pedagog/09.02.01-Компьютерные-системы-и-комплексы.docx,
ОТСУТСТВУЕТ ЛОКАЛЬНО,ZIP,416 КБ,426909,docs/pedagog/09.02.01-Компьютерные-системы-и-комплексы.zip,
ОТСУТСТВУЕТ ЛОКАЛЬНО,DOCX,56 КБ,57466,docs/pedagog/15.01.05-Сварщик-ручной-и-частично-механизированной-сварки-наплавки.docx,
ОТСУТСТВУЕТ ЛОКАЛЬНО,ZIP,394 КБ,403551,docs/pedagog/15.01.05-Сварщик-ручной-и-частично-механизированной-сварки-наплавки.zip,
ОТСУТСТВУЕТ ЛОКАЛЬНО,DOCX,66 КБ,67705,docs/pedagog/15.01.31-Мастер-контрольно-измерительных-приборов.docx,
ОТСУТСТВУЕТ ЛОКАЛЬНО,ZIP,404 КБ,413789,docs/pedagog/15.01.31-Мастер-контрольно-измерительных-приборов.zip,
ОТСУТСТВУЕТ ЛОКАЛЬНО,DOCX,62 КБ,63927,docs/pedagog/15.02.14-Оснащение-средствами-автоматизации-технологических-процессов-и-производств-по-отраслям.docx,
ОТСУТСТВУЕТ ЛОКАЛЬНО,ZIP,400 КБ,410095,docs/pedagog/15.02.14-Оснащение-средствами-автоматизации-технологических-процессов-и-производств-по-отраслям.zip,
ОТСУТСТВУЕТ ЛОКАЛЬНО,DOCX,60 КБ,62086,docs/pedagog/38.01.02-Продавец-контролер-кассир.docx,
ОТСУТСТВУЕТ ЛОКАЛЬНО,ZIP,396 КБ,405813,docs/pedagog/38.01.02-Продавец-контролер-кассир.zip,
ОТСУТСТВУЕТ ЛОКАЛЬНО,DOCX,51 КБ,52954,docs/pedagog/38.02.01-Экономика-и-бухгалтерский-учет-по-отраслям.docx,
ОТСУТСТВУЕТ ЛОКАЛЬНО,ZIP,389 КБ,398924,docs/pedagog/38.02.01-Экономика-и-бухгалтерский-учет-по-отраслям.zip,
ОТСУТСТВУЕТ ЛОКАЛЬНО,DOCX,66 КБ,67902,docs/pedagog/43.01.09-Повар.-кондитер.docx,
ОТСУТСТВУЕТ ЛОКАЛЬНО,ZIP,404 КБ,413932,docs/pedagog/43.01.09-Повар.-кондитер.zip,
ОТСУТСТВУЕТ ЛОКАЛЬНО,DOC,53 КБ,54784,docs/podacha-elektronnaya-pochta/Заявление-о-зачислении-08.02.09-Монтаж-наладка-и-эксплуатация-электрооборудования-промышленных-и-гражданских-зданий.doc,
ОТСУТСТВУЕТ ЛОКАЛЬНО,DOC,53 КБ,54784,docs/podacha-elektronnaya-pochta/Заявление-о-зачислении-09.02.01-Компьютерные-системы-и-комплексы.doc,
ОТСУТСТВУЕТ ЛОКАЛЬНО,DOC,53 КБ,54784,docs/podacha-elektronnaya-pochta/Заявление-о-зачислении-15.01.05-Сварщик.doc,
ОТСУТСТВУЕТ ЛОКАЛЬНО,DOC,53 КБ,54784,docs/podacha-elektronnaya-pochta/Заявление-о-зачислении-15.01.37-Слесарь-наладчик.doc,
ОТСУТСТВУЕТ ЛОКАЛЬНО,DOC,53 КБ,54784,docs/podacha-elektronnaya-pochta/Заявление-о-зачислении-38.02.01-Экономика-и-бухгалтерский-учет-по-отраслям.doc,
ОТСУТСТВУЕТ ЛОКАЛЬНО,DOC,53 КБ,54784,docs/podacha-elektronnaya-pochta/Заявление-о-зачислении-43.01.09-Повар-кондитер.doc,
ОТСУТСТВУЕТ ЛОКАЛЬНО,PNG,680 КБ,697289,docs/priemnaya-kampaniya-2026/Документы-для-абитуриентов-2026.png,
ОТСУТСТВУЕТ ЛОКАЛЬНО,DOC,30 КБ,31232,docs/priemnaya-kampaniya-2026/Заявление-на-вселение-в-общежитие-несов-2026.doc,
ОТСУТСТВУЕТ ЛОКАЛЬНО,DOCX,13 КБ,13733,docs/priemnaya-kampaniya-2026/Заявление-на-вселение-в-общежитие-совер-2026.docx,
ОТСУТСТВУЕТ ЛОКАЛЬНО,PDF,261 КБ,267609,docs/priemnaya-kampaniya-2026/Контрольные-цифры-приема-на-05-03-2026.pdf,
ОТСУТСТВУЕТ ЛОКАЛЬНО,PDF,162 Б,162,docs/priemnaya-kampaniya-2026/Памятка-об-организации-целевого-обучения-для-обучающегося-по-образовательным-программам--2025.pdf,
ОТСУТСТВУЕТ ЛОКАЛЬНО,DOCX,12 КБ,13286,docs/priemnaya-kampaniya-2026/Перечень-специальностей-и-профессий-по-которым-объявлен-набор-на-обучение-в-2026-2027-году.docx,
ОТСУТСТВУЕТ ЛОКАЛЬНО,DOCX,15 КБ,16334,docs/priemnaya-kampaniya-2026/План-работы-приемной-комиссии-на-2026-2027-учебный-год-2026.docx,
ОТСУТСТВУЕТ ЛОКАЛЬНО,PDF,671 КБ,687339,docs/priemnaya-kampaniya-2026/Положение-ЭОС-2023.pdf,
ОТСУТСТВУЕТ ЛОКАЛЬНО,DOC,57 КБ,58368,docs/priemnaya-kampaniya-2026/Положение-о-приемной-комиссии-ГБПОУ-РО-СИТ-на-2026-2027-учебный-год-2026.doc,
ОТСУТСТВУЕТ ЛОКАЛЬНО,DOCX,111 КБ,114290,docs/priemnaya-kampaniya-2026/Положение-о-студенческом-общежитии-Приложение-№-1-к-приказу-ГБПОУ-РО-СИТ-от-05.12.2025-№124.docx,
ОТСУТСТВУЕТ ЛОКАЛЬНО,PDF,223 КБ,229109,docs/priemnaya-kampaniya-2026/Правила-приема-2026-2027г.2.pdf,
ОТСУТСТВУЕТ ЛОКАЛЬНО,DOC,88 КБ,90624,docs/priemnaya-kampaniya-2026/Правила-проживания-в-студенческом-общежитии-Приложение-№2-к-приказу-ГБПОУ-РО-СИТ-от-05.12.2025-№124.doc,
ОТСУТСТВУЕТ ЛОКАЛЬНО,PDF,64 КБ,65667,docs/priemnaya-kampaniya-2026/Приказ-на-утверждение-Правил-приема-2026-2027.pdf,
ОТСУТСТВУЕТ ЛОКАЛЬНО,PDF,46 КБ,48032,docs/priemnaya-kampaniya-2026/Приказ-№24-от-25.02.2026-Об-утверждении-Положения-о-приемной-комиссии-2026.pdf,
ОТСУТСТВУЕТ ЛОКАЛЬНО,PDF,107 КБ,110354,docs/priemnaya-kampaniya-2026/положение-об-аппеляционной-комиссии.pdf,
ОТСУТСТВУЕТ ЛОКАЛЬНО,PDF,369 КБ,377967,docs/struktura/Положение-о-Методическом-Совете.pdf,
ОТСУТСТВУЕТ ЛОКАЛЬНО,ZIP,454 КБ,464977,docs/struktura/Положение-о-Методическом-Совете.zip,
ОТСУТСТВУЕТ ЛОКАЛЬНО,PDF,294 КБ,301697,docs/struktura/Положение-о-Педагогическом-Совете.pdf,
ОТСУТСТВУЕТ ЛОКАЛЬНО,ZIP,385 КБ,394479,docs/struktura/Положение-о-Педагогическом-Совете.zip,
ОТСУТСТВУЕТ ЛОКАЛЬНО,PDF,306 КБ,313832,docs/struktura/Положение-о-Совете-профилактики-техникума.pdf,
ОТСУТСТВУЕТ ЛОКАЛЬНО,ZIP,404 КБ,414511,docs/struktura/Положение-о-Совете-профилактики-техникума.zip,
ОТСУТСТВУЕТ ЛОКАЛЬНО,PDF,146 КБ,150396,docs/struktura/Положение-о-Совете-родителей-законных-представителей-Приложение-№1-к-приказу-от-10.01.2019-№3-а.pdf,
ОТСУТСТВУЕТ ЛОКАЛЬНО,PDF,117 КБ,120160,docs/struktura/Положение-о-Совете-техникума-Приложение-к-приказу-№18-от-20.02.2016.pdf,
ОТСУТСТВУЕТ ЛОКАЛЬНО,PDF,304 КБ,311411,docs/struktura/Положение-о-Студенческом-совете-техникума.pdf,
ОТСУТСТВУЕТ ЛОКАЛЬНО,ZIP,392 КБ,402405,docs/struktura/Положение-о-Студенческом-совете-техникума.zip,
ОТСУТСТВУЕТ ЛОКАЛЬНО,PDF,373 КБ,382741,docs/struktura/Положение-о-библиотеке.pdf,
ОТСУТСТВУЕТ ЛОКАЛЬНО,ZIP,458 КБ,469505,docs/struktura/Положение-о-библиотеке.zip,
ОТСУТСТВУЕТ ЛОКАЛЬНО,PDF,172 КБ,177055,docs/struktura/Положение-о-региональном-отраслевом-ресурсном-центре.pdf,
ОТСУТСТВУЕТ ЛОКАЛЬНО,PDF,382 КБ,391544,docs/struktura/Положение-о-столовой.pdf,
ОТСУТСТВУЕТ ЛОКАЛЬНО,ZIP,466 КБ,477835,docs/struktura/Положение-о-столовой.zip,
ОТСУТСТВУЕТ ЛОКАЛЬНО,PDF,554 КБ,568040,docs/struktura/Положение-о-студенческом-общежитии.pdf,
ОТСУТСТВУЕТ ЛОКАЛЬНО,ZIP,631 КБ,646352,docs/struktura/Положение-о-студенческом-общежитии.zip,
ОТСУТСТВУЕТ ЛОКАЛЬНО,PDF,285 КБ,292158,docs/struktura/Положение-о-студсовете-общежития.pdf,
ОТСУТСТВУЕТ ЛОКАЛЬНО,ZIP,375 КБ,384065,docs/struktura/Положение-о-студсовете-общежития.zip,
ОТСУТСТВУЕТ ЛОКАЛЬНО,PDF,231 КБ,237325,docs/struktura/Положение-о-хозяйственном-отделе-Приложение-№2-к-приказу-ГБПОУ-РО-СИТ-№17-от-13.03.2019.pdf,
ОТСУТСТВУЕТ ЛОКАЛЬНО,ZIP,382 КБ,391878,docs/struktura/Положение-о-цикловой-комиссии.zip,
ОТСУТСТВУЕТ ЛОКАЛЬНО,PDF,297 КБ,304905,docs/struktura/Положение-о-циловой-комиссии.pdf,
ОТСУТСТВУЕТ ЛОКАЛЬНО,PDF,189 КБ,193822,docs/struktura/Положение-об-отделе-ВР-Приложение-№1-к-приказу-ГБПОУ-РО-СИТ-№17-от-13.03.2019.pdf,
ОТСУТСТВУЕТ ЛОКАЛЬНО,PDF,314 КБ,322412,docs/struktura/Положение-об-отделении-ПКРС.pdf,
ОТСУТСТВУЕТ ЛОКАЛЬНО,ZIP,402 КБ,412404,docs/struktura/Положение-об-отделении-ПКРС.zip,
ОТСУТСТВУЕТ ЛОКАЛЬНО,PDF,312 КБ,320343,docs/struktura/Положение-об-отделении-ПССЗ.pdf,
ОТСУТСТВУЕТ ЛОКАЛЬНО,ZIP,401 КБ,411526,docs/struktura/Положение-об-отделении-ПССЗ.zip,
ОТСУТСТВУЕТ ЛОКАЛЬНО,PDF,154 КБ,158552,docs/struktura/Положение-об-учебной-части-Приложение-к-приказу-ГБПОУ-РО-СИТ-№40-от-04.02.2016.pdf,
ОТСУТСТВУЕТ ЛОКАЛЬНО,DOC,51 КБ,52224,docs/struktura/Приложение-№1-к-приказу-ГБПОУ-РО-«СИТ»-от-30.08.2024-№94-Организационная-структура-техникума-2024.doc,
ОТСУТСТВУЕТ ЛОКАЛЬНО,ZIP,61 КБ,62658,docs/struktura/Приложение-№1-к-приказу-ГБПОУ-РО-«СИТ»-от-30.08.2024-№94-Организационная-структура-техникума-2024.zip,
ОТСУТСТВУЕТ ЛОКАЛЬНО,DOCX,15 КБ,15918,docs/struktura/Структура-подразделений-ГБПОУ-РО-СИТ-2024.docx,
ОТСУТСТВУЕТ ЛОКАЛЬНО,ZIP,61 КБ,63338,docs/struktura/Структура-подразделений-ГБПОУ-РО-СИТ-2024.zip,
ОТСУТСТВУЕТ ЛОКАЛЬНО,PDF,90 КБ,93136,docs/struktura/Устав-Фонда-Попечительский-Совет-Утвержден-Протоколом-№3-от-25-февраля-2012.pdf,
ОТСУТСТВУЕТ ЛОКАЛЬНО,PDF,1 МБ,1167096,docs/vsoko/08.01.07-протокол_итог_анкеты-педагоги_2024.pdf,
ОТСУТСТВУЕТ ЛОКАЛЬНО,ZIP,1 МБ,1308432,docs/vsoko/08.01.07-протокол_итог_анкеты-педагоги_2024.zip,
ОТСУТСТВУЕТ ЛОКАЛЬНО,PDF,764 КБ,782610,docs/vsoko/08.01.07_результаты-опроса-пед.работников.pdf,
ОТСУТСТВУЕТ ЛОКАЛЬНО,PDF,1 МБ,1105725,docs/vsoko/09.02.01-протокол_итог_анкеты-педагоги_2024.pdf,
ОТСУТСТВУЕТ ЛОКАЛЬНО,ZIP,1 МБ,1244308,docs/vsoko/09.02.01-протокол_итог_анкеты-педагоги_2024.zip,
ОТСУТСТВУЕТ ЛОКАЛЬНО,PDF,910 КБ,932755,docs/vsoko/09.02.01-протокол_качество-ОП_работодатели_2024.pdf,
ОТСУТСТВУЕТ ЛОКАЛЬНО,ZIP,899 КБ,921488,docs/vsoko/09.02.01-протокол_качество-ОП_работодатели_2024.zip,
ОТСУТСТВУЕТ ЛОКАЛЬНО,PDF,939 КБ,961556,docs/vsoko/09.02.01-протокол_качество-ПРАКТИКА_работодатели_2024.pdf,
ОТСУТСТВУЕТ ЛОКАЛЬНО,ZIP,1 МБ,1071485,docs/vsoko/09.02.01-протокол_качество-ПРАКТИКА_работодатели_2024.zip,
ОТСУТСТВУЕТ ЛОКАЛЬНО,PDF,1 МБ,1109118,docs/vsoko/13.01.10-протокол_итог_анкеты-педагоги_2024.pdf,
ОТСУТСТВУЕТ ЛОКАЛЬНО,ZIP,1 МБ,1241086,docs/vsoko/13.01.10-протокол_итог_анкеты-педагоги_2024.zip,
ОТСУТСТВУЕТ ЛОКАЛЬНО,PDF,934 КБ,956576,docs/vsoko/13.01.10-протокол_качество-ПРАКТИКА_работодатели_2024.pdf,
ОТСУТСТВУЕТ ЛОКАЛЬНО,ZIP,1 МБ,1066461,docs/vsoko/13.01.10-протокол_качество-ПРАКТИКА_работодатели_2024.zip,
ОТСУТСТВУЕТ ЛОКАЛЬНО,PDF,1 МБ,1380635,docs/vsoko/13.01.10_качество-ОП-результаты-родители_2024.pdf,
ОТСУТСТВУЕТ ЛОКАЛЬНО,ZIP,1 МБ,1433502,docs/vsoko/13.01.10_качество-ОП-результаты-родители_2024.zip,
ОТСУТСТВУЕТ ЛОКАЛЬНО,PDF,1 МБ,1520839,docs/vsoko/13.01.10_протокол-анкетирования-обучающихся.pdf,
ОТСУТСТВУЕТ ЛОКАЛЬНО,ZIP,1 МБ,1576152,docs/vsoko/13.01.10_протокол-анкетирования-обучающихся.zip,
ОТСУТСТВУЕТ ЛОКАЛЬНО,PDF,520 КБ,532978,docs/vsoko/13.01.10_результаты-опроса-пед.работников-за-2021.pdf,
ОТСУТСТВУЕТ ЛОКАЛЬНО,PDF,523 КБ,536382,docs/vsoko/13.01.10_результаты-опроса-пед.работников-за-2022.pdf,
ОТСУТСТВУЕТ ЛОКАЛЬНО,PDF,1 МБ,1153715,docs/vsoko/15.01.05-протокол_итог_анкеты-педагоги_2024.pdf,
ОТСУТСТВУЕТ ЛОКАЛЬНО,ZIP,1 МБ,1265719,docs/vsoko/15.01.05-протокол_итог_анкеты-педагоги_2024.zip,
ОТСУТСТВУЕТ ЛОКАЛЬНО,PDF,755 КБ,773409,docs/vsoko/15.01.05_результаты-опроса-пед.работников.pdf,
ОТСУТСТВУЕТ ЛОКАЛЬНО,PDF,1 МБ,1274320,docs/vsoko/15.01.31-протокол_итог_анкеты-педагоги_2024.pdf,
ОТСУТСТВУЕТ ЛОКАЛЬНО,ZIP,1 МБ,1390064,docs/vsoko/15.01.31-протокол_итог_анкеты-педагоги_2024.zip,
ОТСУТСТВУЕТ ЛОКАЛЬНО,PDF,866 КБ,887292,docs/vsoko/15.01.31-протокол_качество-ПРАКТИКА_работодатели_2024.pdf,
ОТСУТСТВУЕТ ЛОКАЛЬНО,ZIP,973 КБ,996672,docs/vsoko/15.01.31-протокол_качество-ПРАКТИКА_работодатели_2024.zip,
ОТСУТСТВУЕТ ЛОКАЛЬНО,PDF,1 МБ,1148448,docs/vsoko/15.02.07-протокол_итог_анкеты-педагоги_2024.pdf,
ОТСУТСТВУЕТ ЛОКАЛЬНО,ZIP,1 МБ,1267081,docs/vsoko/15.02.07-протокол_итог_анкеты-педагоги_2024.zip,
ОТСУТСТВУЕТ ЛОКАЛЬНО,PDF,1022 КБ,1046580,docs/vsoko/15.02.07-протокол_качество-ОП_работодатели_2024.pdf,
ОТСУТСТВУЕТ ЛОКАЛЬНО,ZIP,1 МБ,1112617,docs/vsoko/15.02.07-протокол_качество-ОП_работодатели_2024.zip,
ОТСУТСТВУЕТ ЛОКАЛЬНО,PDF,326 КБ,334018,docs/vsoko/15.02.07-результаты-опроса-пед.работников.pdf,
ОТСУТСТВУЕТ ЛОКАЛЬНО,PDF,1 МБ,1165073,docs/vsoko/15.02.14-протокол_итог_анкеты-педагоги_2024.pdf,
ОТСУТСТВУЕТ ЛОКАЛЬНО,ZIP,1 МБ,1305637,docs/vsoko/15.02.14-протокол_итог_анкеты-педагоги_2024.zip,
ОТСУТСТВУЕТ ЛОКАЛЬНО,PDF,2 МБ,2494831,docs/vsoko/2023_Отчет-самообследование.pdf,
ОТСУТСТВУЕТ ЛОКАЛЬНО,ZIP,2 МБ,2131399,docs/vsoko/2023_Отчет-самообследование.zip,
ОТСУТСТВУЕТ ЛОКАЛЬНО,PDF,1 МБ,1258362,docs/vsoko/38.01.02-протокол_итог_анкеты-педагоги_2024.pdf,
ОТСУТСТВУЕТ ЛОКАЛЬНО,ZIP,1 МБ,1381444,docs/vsoko/38.01.02-протокол_итог_анкеты-педагоги_2024.zip,
ОТСУТСТВУЕТ ЛОКАЛЬНО,PDF,754 КБ,773006,docs/vsoko/38.01.02_результаты-опроса-пед.работников.pdf,
ОТСУТСТВУЕТ ЛОКАЛЬНО,PDF,943 КБ,966179,docs/vsoko/38.02.01-протокол_итог_анкеты-педагоги_2024.pdf,
ОТСУТСТВУЕТ ЛОКАЛЬНО,ZIP,1 МБ,1106000,docs/vsoko/38.02.01-протокол_итог_анкеты-педагоги_2024.zip,
ОТСУТСТВУЕТ ЛОКАЛЬНО,PDF,327 КБ,335033,docs/vsoko/38.02.01-результаты-опроса-пед.работников.pdf,
ОТСУТСТВУЕТ ЛОКАЛЬНО,PDF,1 МБ,1145158,docs/vsoko/43.01.09-протокол_итог_анкеты-педагоги_2024.pdf,
ОТСУТСТВУЕТ ЛОКАЛЬНО,ZIP,1 МБ,1264658,docs/vsoko/43.01.09-протокол_итог_анкеты-педагоги_2024.zip,
ОТСУТСТВУЕТ ЛОКАЛЬНО,PDF,938 КБ,961427,docs/vsoko/43.01.09-протокол_качество-ОП_работодатели_2024.pdf,
ОТСУТСТВУЕТ ЛОКАЛЬНО,ZIP,940 КБ,962566,docs/vsoko/43.01.09-протокол_качество-ОП_работодатели_2024.zip,
ОТСУТСТВУЕТ ЛОКАЛЬНО,PDF,587 КБ,601847,docs/vsoko/43.01.09_результаты-опроса-пед.-работников.pdf,
ОТСУТСТВУЕТ ЛОКАЛЬНО,JPG,95 КБ,98298,docs/vsoko/vsoko.jpg,
ОТСУТСТВУЕТ ЛОКАЛЬНО,PDF,290 КБ,296994,docs/vsoko/Выписка-из-протокола-заседания-методического-совета-№6-от-25.02.2022.pdf,
ОТСУТСТВУЕТ ЛОКАЛЬНО,PDF,341 КБ,349820,docs/vsoko/Выписка-из-протокола-заседания-методического-совета-№7-от-21.03.2023.pdf,
ОТСУТСТВУЕТ ЛОКАЛЬНО,PDF,525 КБ,538471,docs/vsoko/Выписка-из-протокола-педагогического-совета-от-04.04.2024-№8-2024.pdf,
ОТСУТСТВУЕТ ЛОКАЛЬНО,ZIP,515 КБ,527851,docs/vsoko/Выписка-из-протокола-педагогического-совета-от-04.04.2024-№8-2024.zip,
ОТСУТСТВУЕТ ЛОКАЛЬНО,PDF,1 МБ,1838344,docs/vsoko/ОТЧЕТ-по-итогам-самообследования-ГБПОУ-РО-«Сальский-индустриальный-техникум»-за-2021-год-.pdf,
ОТСУТСТВУЕТ ЛОКАЛЬНО,PDF,205 КБ,210451,docs/vsoko/План-график-посещения-учебных-занятий_2021-2022.pdf,
ОТСУТСТВУЕТ ЛОКАЛЬНО,PDF,401 КБ,410773,docs/vsoko/План-график-посещения-учебных-занятий_2022-2023.pdf,
ОТСУТСТВУЕТ ЛОКАЛЬНО,PDF,407 КБ,417429,docs/vsoko/План-график-посещения-учебных-занятий_2023-2024.pdf,
ОТСУТСТВУЕТ ЛОКАЛЬНО,PDF,544 КБ,557988,docs/vsoko/Положение-о-внутренней-системе-оценки-качества-образовательной-деятельности-в-техникуме-2023.pdf,
ОТСУТСТВУЕТ ЛОКАЛЬНО,ZIP,538 КБ,551391,docs/vsoko/Положение-о-внутренней-системе-оценки-качества-образовательной-деятельности-в-техникуме-2023.zip,
ОТСУТСТВУЕТ ЛОКАЛЬНО,PDF,1 МБ,1194342,docs/vsoko/Приказ-от-17.01.2025-приказ_о-проведении-самообследования-анкетирования.pdf,
ОТСУТСТВУЕТ ЛОКАЛЬНО,ZIP,1 МБ,1159260,docs/vsoko/Приказ-от-17.01.2025-приказ_о-проведении-самообследования-анкетирования.zip,
ОТСУТСТВУЕТ ЛОКАЛЬНО,PDF,741 КБ,759713,docs/vsoko/Приказ-от-18.01.2024-приказ_о-включении-результатов-анкетирования-в-отчет-о-самообследовании-за-2021.pdf,
ОТСУТСТВУЕТ ЛОКАЛЬНО,ZIP,724 КБ,741793,docs/vsoko/Приказ-от-18.01.2024-приказ_о-включении-результатов-анкетирования-в-отчет-о-самообследовании-за-2021.zip,
ОТСУТСТВУЕТ ЛОКАЛЬНО,PDF,740 КБ,758315,docs/vsoko/Приказ-от-18.01.2024-приказ_о-включении-результатов-анкетирования-в-отчет-о-самообследования-за-2022.pdf,
ОТСУТСТВУЕТ ЛОКАЛЬНО,ZIP,723 КБ,741102,docs/vsoko/Приказ-от-18.01.2024-приказ_о-включении-результатов-анкетирования-в-отчет-о-самообследования-за-2022.zip,
ОТСУТСТВУЕТ ЛОКАЛЬНО,PDF,811 КБ,831218,docs/vsoko/Приказ-от-18.01.2024-приказ_о-проведении-самообследования-анкетирования-1-1.pdf,
ОТСУТСТВУЕТ ЛОКАЛЬНО,ZIP,774 КБ,793006,docs/vsoko/Приказ-от-18.01.2024-приказ_о-проведении-самообследования-анкетирования-1.zip,
ОТСУТСТВУЕТ ЛОКАЛЬНО,PDF,729 КБ,746605,docs/vsoko/Приказ-№106а-и-приложения-1-3-Об-утверждении-анкет-для-проведения-анкетирования-утверждении-локальной-нормативной-документации-2023.pdf,
ОТСУТСТВУЕТ ЛОКАЛЬНО,PDF,427 КБ,437425,docs/vsoko/Приказ-№12-О-проведении-самообследования-показателей-деятельности-техникума-за-2021-год-анкетирования-в-рамках-реализации-ВСОКО-01.02.2022.pdf,
ОТСУТСТВУЕТ ЛОКАЛЬНО,PDF,426 КБ,436370,docs/vsoko/Приказ-№21-О-проведении-самообследования-показателей-деятельности-техникума-за-2022-год-анкетирования-в-рамках-реализации-ВСОКО-27.02.2023.pdf,
ОТСУТСТВУЕТ ЛОКАЛЬНО,ZIP,421 КБ,431315,docs/vsoko/Приложение-к-приказу-№106а-Об-утверждении-анкет-для-проведения-анкетирования-утверждении-локальной-нормативной-документации-2023.zip,
ОТСУТСТВУЕТ ЛОКАЛЬНО,PDF,476 КБ,487786,docs/vsoko/Протокол-анкетирования-обучающихся-по-профессии-13.01.10-2022.pdf,
ОТСУТСТВУЕТ ЛОКАЛЬНО,PDF,1 МБ,1220722,docs/vsoko/Результаты-самообследования-ГБПОУ-РО-СИТ-за-2022-год-2023.pdf,
ОТСУТСТВУЕТ ЛОКАЛЬНО,ZIP,1 МБ,1236265,docs/vsoko/Результаты-самообследования-ГБПОУ-РО-СИТ-за-2022-год-2023.zip,
ОТСУТСТВУЕТ ЛОКАЛЬНО,PDF,918 КБ,941048,docs/vsoko/Результаты-самообследования_2016.pdf,
ОТСУТСТВУЕТ ЛОКАЛЬНО,ZIP,912 КБ,934706,docs/vsoko/Результаты-самообследования_2016.zip,
ОТСУТСТВУЕТ ЛОКАЛЬНО,PDF,1 МБ,1426820,docs/vsoko/Результаты-самообследования_2017.pdf,
ОТСУТСТВУЕТ ЛОКАЛЬНО,PDF,1 МБ,1282248,docs/vsoko/Результаты-самообследования_2018.pdf,
ОТСУТСТВУЕТ ЛОКАЛЬНО,ZIP,1 МБ,1229572,docs/vsoko/Результаты-самообследования_2018.zip,
ОТСУТСТВУЕТ ЛОКАЛЬНО,PDF,1 МБ,1629858,docs/vsoko/Результаты-самообследования_2019.pdf,
ОТСУТСТВУЕТ ЛОКАЛЬНО,PDF,1 МБ,1413146,docs/vsoko/Результаты-самообследования_2020.pdf,
ОТСУТСТВУЕТ ЛОКАЛЬНО,ZIP,1 МБ,1359791,docs/vsoko/Результаты-самоосбледования_2017.zip,
ОТСУТСТВУЕТ ЛОКАЛЬНО,ZIP,1 МБ,1553316,docs/vsoko/Результаты-самоосбледования_2019.zip,
ОТСУТСТВУЕТ ЛОКАЛЬНО,ZIP,1 МБ,1495002,docs/vsoko/Результаты-самоосбледования_2020.zip,
ОТСУТСТВУЕТ ЛОКАЛЬНО,PDF,364 КБ,373435,docs/vsoko/анализ-удовлетворенности-педагогов.pdf,
ОТСУТСТВУЕТ ЛОКАЛЬНО,PDF,396 КБ,406505,docs/vsoko/анализ-удовлетворенности-студентов.pdf,
ОТСУТСТВУЕТ ЛОКАЛЬНО,PDF,839 КБ,859149,docs/vsoko/план-график-ВСОКО-2023-2024.pdf,
ОТСУТСТВУЕТ ЛОКАЛЬНО,PDF,742 КБ,759842,docs/vsoko/план-график-ВСОКО_2022-2023.pdf,
ОТСУТСТВУЕТ ЛОКАЛЬНО,PDF,1023 КБ,1048299,docs/vsoko/результаты-анкетирования-пед.работников_2020.pdf,
ОТСУТСТВУЕТ ЛОКАЛЬНО,ZIP,904 КБ,925977,docs/vsoko/результаты-анкетирования-пед.работников_2020.zip,
ОТСУТСТВУЕТ ЛОКАЛЬНО,PDF,351 КБ,359790,docs/vsoko/результаты-опроса-работодателей-профессии.pdf,
ОТСУТСТВУЕТ ЛОКАЛЬНО,PDF,434 КБ,444495,docs/vsoko/результаты-опроса-работодателей.pdf,
ЕСТЬ ЛОКАЛЬНО,GIF,34 КБ,35557,images/banners/23-fevralya.gif,src/images/banners/23-fevralya.gif
ЕСТЬ ЛОКАЛЬНО,PNG,270 КБ,277167,images/banners/8-marta3.png,src/images/banners/8-marta3.png
ЕСТЬ ЛОКАЛЬНО,JPG,87 КБ,89925,images/banners/bpla.jpg,src/images/banners/bpla.jpg
ЕСТЬ ЛОКАЛЬНО,GIF,1 МБ,2070817,images/banners/main-banner.gif,src/images/banners/main-banner.gif
ЕСТЬ ЛОКАЛЬНО,JPG,7 КБ,7954,images/banners/master-goda.jpg,src/images/banners/master-goda.jpg
ЕСТЬ ЛОКАЛЬНО,JPG,29 КБ,29737,images/banners/nok-2025.jpg,src/images/banners/nok-2025.jpg
ЕСТЬ ЛОКАЛЬНО,GIF,373 КБ,382232,images/banners/pozdravlenie-3.gif,src/images/banners/pozdravlenie-3.gif
ЕСТЬ ЛОКАЛЬНО,JPG,209 КБ,214891,images/banners/vnimanie-1.jpg,src/images/banners/vnimanie-1.jpg
ЕСТЬ ЛОКАЛЬНО,JPG,588 КБ,602772,images/banners/День-открытых-дверей-2-scaled.jpg,src/images/banners/День-открытых-дверей-2-scaled.jpg
ЕСТЬ ЛОКАЛЬНО,JPG,85 КБ,87427,images/director-photo.jpg,src/images/director-photo.jpg
ЕСТЬ ЛОКАЛЬНО,JPG,85 КБ,87427,images/director.jpg,src/images/director.jpg
ЕСТЬ ЛОКАЛЬНО,SVG,6 КБ,6981,images/fon/bg-02.svg,src/images/fon/bg-02.svg
ЕСТЬ ЛОКАЛЬНО,SVG,6 КБ,6985,images/fon/bg-03.svg,src/images/fon/bg-03.svg
ЕСТЬ ЛОКАЛЬНО,WEBP,31 КБ,32216,images/ikonccilki/MCHS.webp,src/images/ikonccilki/MCHS.webp
ЕСТЬ ЛОКАЛЬНО,WEBP,70 КБ,71954,images/ikonccilki/MNVO.webp,src/images/ikonccilki/MNVO.webp
ЕСТЬ ЛОКАЛЬНО,PNG,72 КБ,73953,images/ikonccilki/cropped-logo_rosobrnadzor-2.png,src/images/ikonccilki/cropped-logo_rosobrnadzor-2.png
ЕСТЬ ЛОКАЛЬНО,SVG,233 КБ,238922,images/ikonccilki/don-logo.svg,src/images/ikonccilki/don-logo.svg
ЕСТЬ ЛОКАЛЬНО,SVG,11 КБ,11985,images/ikonccilki/government.svg,src/images/ikonccilki/government.svg
ЕСТЬ ЛОКАЛЬНО,WEBP,43 КБ,44362,images/ikonccilki/min-pr.webp,src/images/ikonccilki/min-pr.webp
ЕСТЬ ЛОКАЛЬНО,WEBP,21 КБ,22198,images/ikonccilki/min-tr.webp,src/images/ikonccilki/min-tr.webp
ЕСТЬ ЛОКАЛЬНО,WEBP,50 КБ,51400,images/ikonccilki/pr-rf.webp,src/images/ikonccilki/pr-rf.webp
ЕСТЬ ЛОКАЛЬНО,WEBP,41 КБ,42052,images/ikonccilki/prok-rf.webp,src/images/ikonccilki/prok-rf.webp
ЕСТЬ ЛОКАЛЬНО,SVG,264 КБ,271353,images/ikonccilki/rostrud.gov.svg,src/images/ikonccilki/rostrud.gov.svg
ЕСТЬ ЛОКАЛЬНО,WEBP,39 КБ,40498,images/ikonccilki/rtn.webp,src/images/ikonccilki/rtn.webp
ЕСТЬ ЛОКАЛЬНО,PNG,543 КБ,556663,images/ikonccilki/лого_мин_рост.png,src/images/ikonccilki/лого_мин_рост.png
ЕСТЬ ЛОКАЛЬНО,GIF,370 КБ,379131,images/logos/404.gif,src/images/logos/404.gif
ЕСТЬ ЛОКАЛЬНО,JPEG,85 КБ,87427,images/logos/director-senchenko.jpeg,src/images/logos/director-senchenko.jpeg
ЕСТЬ ЛОКАЛЬНО,JPG,11 КБ,11525,images/logos/director.jpg,src/images/logos/director.jpg
ЕСТЬ ЛОКАЛЬНО,PNG,471 КБ,482650,images/logos/narodnyj-front-2025.png,src/images/logos/narodnyj-front-2025.png
ЕСТЬ ЛОКАЛЬНО,PNG,409 КБ,419315,images/logos/nf-2025.png,src/images/logos/nf-2025.png
ЕСТЬ ЛОКАЛЬНО,JPG,14 КБ,14489,images/news/festival.jpg,src/images/news/festival.jpg
ЕСТЬ ЛОКАЛЬНО,JPG,10 КБ,10470,images/news/lekciya.jpg,src/images/news/lekciya.jpg
ЕСТЬ ЛОКАЛЬНО,JPG,18 КБ,18974,images/news/news1.jpg,src/images/news/news1.jpg
ЕСТЬ ЛОКАЛЬНО,JPG,12 КБ,13060,images/news/news2.jpg,src/images/news/news2.jpg
ЕСТЬ ЛОКАЛЬНО,JPG,10 КБ,10306,images/news/news3.jpg,src/images/news/news3.jpg
ЕСТЬ ЛОКАЛЬНО,JPG,20 КБ,20633,images/news/news4.jpg,src/images/news/news4.jpg
ЕСТЬ ЛОКАЛЬНО,JPG,12 КБ,12783,images/news/pamyat.jpg,src/images/news/pamyat.jpg
ЕСТЬ ЛОКАЛЬНО,JPG,12 КБ,12661,images/news/raspisanie.jpg,src/images/news/raspisanie.jpg
ЕСТЬ ЛОКАЛЬНО,JPG,19 КБ,19943,images/news/semero.jpg,src/images/news/semero.jpg
ЕСТЬ ЛОКАЛЬНО,JPG,29 КБ,30043,images/sliders/slider1.jpg,src/images/sliders/slider1.jpg
ЕСТЬ ЛОКАЛЬНО,JPG,33 КБ,34761,images/sliders/slider2.jpg,src/images/sliders/slider2.jpg
ЕСТЬ ЛОКАЛЬНО,JPG,18 КБ,18719,images/sliders/slider3.jpg,src/images/sliders/slider3.jpg
ЕСТЬ ЛОКАЛЬНО,PNG,1 КБ,1109,images/vk.png,src/images/vk.png
ЕСТЬ ЛОКАЛЬНО,PNG,3 КБ,3162,images/youtube.png,src/images/youtube.png
ЕСТЬ ЛОКАЛЬНО,PNG,3 КБ,3418,images/zen.png,src/images/zen.png
